nom_norm,code_postal,code_insee,lat,lon,population,dept,nom
ABERGEMENT SAINT JEAN,39120,39385,46.90320,5.34440,0,39,Abergement-Saint-Jean
ABRIES,05460,05001,44.77170,6.97170,0,05,Abriès
ACCOLAY,89460,89130,47.67420,3.72100,0,89,Accolay
ACQUEVILLE,14220,14150,48.96450,-0.37610,0,14,Acqueville
AGONNAY,17350,17397,45.88190,-0.68590,0,17,Agonnay
AIGONNAY,79370,79185,46.28440,-0.27230,0,79,Aigonnay
AIGUEBELLE,73220,73212,45.53900,6.32310,0,73,Aiguebelle
AIGUEBLANCHE,73260,73003,45.51510,6.51620,0,73,Aigueblanche
AILLANT SUR THOLON,89710,89003,47.90040,3.32110,0,89,Aillant-sur-Tholon
AIME,73210,73006,45.56610,6.61190,0,73,Aime
AIRAN,14540,14005,49.08640,-0.19050,0,14,Airan
AIX EN DIOIS,26150,26001,44.71120,5.37770,0,26,Aix-en-Diois
AIX EN OTHE,10190,10003,48.22660,3.72180,0,10,Aix-en-Othe
AJOU,27410,27049,48.98690,0.67010,0,27,Ajou
ALAISE,25330,25223,47.01380,5.99860,0,25,Alaise
ALBENS,73410,73010,45.78650,5.91490,0,73,Albens
ALBIOSC,04800,04081,43.74000,5.99480,0,04,Albiosc
ALLAINES MERVILLIERS,28310,28199,48.19980,1.84740,0,28,Allaines-Mervilliers
ALLAINVILLE EN BEAUCE,45480,45240,48.21510,2.02150,0,45,Allainville-en-Beauce
ALLENWILLER,67440,67004,48.66010,7.35650,0,67,Allenwiller
ALTENSTADT,67160,67544,49.01840,7.96290,0,67,Altenstadt
AMBILLOU CHATEAU,49700,49003,47.27050,-0.32220,0,49,Ambillou-Château
AMBLAINCOURT,55250,55040,48.96580,5.21830,0,55,Amblaincourt
AMBLIMONT,08210,08311,49.59780,5.07520,0,08,Amblimont
AMBOURVILLE,76480,76020,49.45180,0.89600,0,76,Ambourville
AMFREVILLE LA CAMPAGNE,27370,27011,49.21880,0.92530,0,27,Amfreville-la-Campagne
AMFROIPRET,59570,59006,50.28240,3.74680,0,59,Amfroipret
AMIONS,42590,42268,45.88580,4.05780,0,42,Amions
AMMERTZWILLER,68210,68006,47.70250,7.18300,0,68,Ammertzwiller
AMPOIGNE,53200,53124,47.82120,-0.82730,0,53,Ampoigné
ANCE,64570,64225,43.15750,-0.69420,0,64,Ance
ANCEINS,61550,61167,48.84360,0.49510,0,61,Anceins
ANCTEVILLE,50490,50550,49.13420,-1.41170,0,50,Ancteville
ANCTOVILLE,14250,14581,49.13380,-0.69930,0,14,Anctoville
ANCY SUR MOSELLE,57130,57021,49.06450,6.04740,0,57,Ancy-sur-Moselle
ANDARD,49800,49307,47.46950,-0.37340,0,49,Andard
ANDEVANNE,08240,08437,49.41560,5.06660,0,08,Andevanne
ANDIGNE,49220,49176,47.63400,-0.75170,0,49,Andigné
ANDREZE,49600,49023,47.20280,-0.98440,0,49,Andrezé
ANERAN CAMORS,65240,65141,42.84330,0.43820,0,65,Anéran-Camors
ANETZ,44150,44163,47.40190,-1.10950,0,44,Anetz
ANGEY,50530,50565,48.74480,-1.44410,0,50,Angey
ANGLUS,52220,52088,48.44070,4.74760,0,52,Anglus
ANGOVILLE,14220,14150,48.96450,-0.37610,0,14,Angoville
ANGOVILLE AU PLAIN,50620,50099,49.30610,-1.21180,0,50,Angoville-au-Plain
ANGVILLER LES BISPING,57930,57086,48.81200,6.89600,0,57,Angviller-lès-Bisping
ANIZY LE CHATEAU,02320,02018,49.51590,3.44260,0,02,Anizy-le-Château
ANNECY LE VIEUX,74960,74010,45.90240,6.12640,0,74,Annecy-le-Vieux
ANNEVILLE SUR MER,50560,50215,49.10770,-1.53150,0,50,Anneville-sur-Mer
ANNOVILLE,50660,50272,48.95290,-1.53020,0,50,Annoville
ANTOIGNY,61600,61168,48.56880,-0.35920,0,61,Antoigny
ANTONAVES,05300,05118,44.25160,5.83380,0,05,Antonaves
ANTORPE,25410,25527,47.18820,5.82660,0,25,Antorpe
ANTRAIGUES SUR VOLANE,07600,07011,44.73020,4.34630,0,07,Antraigues-sur-Volane
ANTRAIN,35560,35004,48.44100,-1.46500,0,35,Antrain
ANVILLE,16170,16339,45.83970,-0.08660,0,16,Anville
ARANCE,64300,64396,43.42510,-0.66060,0,64,Arance
ARBIGNIEU,01300,01015,45.71890,5.64040,0,01,Arbignieu
ARGENS,04170,04136,44.01860,6.52950,0,04,Argens
ARGENTAT,19400,19010,45.11660,1.93190,0,19,Argentat
ARGENTOLLES,52330,52140,48.24180,4.92400,0,52,Argentolles
ARGENTON L EGLISE,79290,79014,47.05780,-0.27320,0,79,Argenton-l'Église
ARGENTON LES VALLEES,79300,79013,46.97210,-0.41640,0,79,Argenton-les-Vallées
ARGENTON NOTRE DAME,53290,53029,47.79180,-0.56330,0,53,Argenton-Notre-Dame
ARGOUGES,50240,50487,48.52090,-1.36380,0,50,Argouges
ARGUT DESSUS,31440,31085,42.91690,0.77220,0,31,Argut-Dessus
ARJUZANX,40110,40197,44.03180,-0.91470,0,40,Arjuzanx
ARMENONVILLE LES GATINEAUX,28320,28023,48.53080,1.64040,0,28,Armenonville-les-Gâtineaux
ARMENTEULE,65510,65282,42.75370,0.43870,0,65,Armenteule
ARNONCOURT SUR APANCE,52400,52273,48.02110,5.72860,0,52,Arnoncourt-sur-Apance
ARRABLOY,45500,45155,47.71750,2.66870,0,45,Arrabloy
ARROS D OLORON,64660,64064,43.11020,-0.63260,0,64,Arros-d'Oloron
ARTHON EN RETZ,44680,44005,47.15610,-1.91530,0,44,Arthon-en-Retz
ARTIGUEDIEU,32260,32426,43.50110,0.57570,0,32,Artiguedieu
ARTONGES,02540,02458,48.89170,3.50920,0,02,Artonges
ARZAY,38260,38479,45.43200,5.21530,0,38,Arzay
ASPACH LE HAUT,68700,68012,47.77440,7.12260,0,68,Aspach-le-Haut
ASPERJOC,07600,07011,44.73020,4.34630,0,07,Asperjoc
ASTOIN,04250,04023,44.32330,6.18320,0,04,Astoin
ATHIS DE L ORNE,61430,61007,48.79340,-0.46210,0,61,Athis-de-l'Orne
ATUR,24750,24053,45.13850,0.78780,0,24,Atur
AUBERTANS,70190,70059,47.43420,6.16540,0,70,Aubertans
AUBERVILLE LA CAMPAGNE,76330,76476,49.50620,0.58340,0,76,Auberville-la-Campagne
AUBEVOYE,27940,27022,49.17120,1.32040,0,27,Aubevoye
AUBIE ET ESPESSAS,33240,33018,45.02100,-0.38870,0,33,Aubie-et-Espessas
AUBIGNEY,70140,70101,47.33240,5.51680,0,70,Aubigney
AUBRY EN EXMES,61310,61474,48.78510,0.11260,0,61,Aubry-en-Exmes
AUDERVILLE,50690,50041,49.65460,-1.82140,0,50,Auderville
AUENHEIM,67480,67418,48.81780,8.00570,0,67,Auenheim
AUFFAY,76850,76034,49.71470,1.13390,0,76,Auffay
AUGE SAINT MEDARD,16170,16339,45.83970,-0.08660,0,16,Auge-Saint-Médard
AULHAT SAINT PRIVAT,63500,63160,45.57410,3.31100,0,63,Aulhat-Saint-Privat
AULNAY AUX PLANCHES,51130,51158,48.82690,3.96160,0,51,Aulnay-aux-Planches
AULNIZEUX,51130,51158,48.82690,3.96160,0,51,Aulnizeux
AULNOIS SOUS VERTUZEY,55200,55184,48.74470,5.65250,0,55,Aulnois-sous-Vertuzey
AULOS,09310,09296,42.79850,1.66080,0,09,Aulos
AUMONT AUBRAC,48130,48009,44.69230,3.27300,0,48,Aumont-Aubrac
AUNAY SUR ODON,14770,14027,48.99080,-0.65450,0,14,Aunay-sur-Odon
AUNEAU,28700,28015,48.50000,1.76420,0,28,Auneau
AUQUAINVILLE,14290,14371,49.00140,0.22310,0,14,Auquainville
AUQUEMESNIL,76910,76618,49.96120,1.23430,0,76,Auquemesnil
AURELLE VERLAC,12130,12224,44.51120,3.00770,0,12,Aurelle-Verlac
AUTHEUIL,61190,61491,48.60650,0.63210,0,61,Autheuil
AUTRANS,38880,38225,45.17130,5.54440,0,38,Autrans
AUTRETOT,76190,76041,49.65600,0.75420,0,76,Autretot
AUVERSE,49490,49228,47.51110,0.10270,0,49,Auverse
AUXILLAC,48500,48034,44.42530,3.25830,0,48,Auxillac
AUXON DESSOUS,25870,25035,47.30010,5.95570,0,25,Auxon-Dessous
AUXON DESSUS,25870,25035,47.30010,5.95570,0,25,Auxon-Dessus
AUZAY,85200,85009,46.43660,-0.87390,0,85,Auzay
AUZECOURT,55800,55388,48.88520,4.98340,0,55,Auzécourt
AUZEVILLE EN ARGONNE,55120,55117,49.12020,5.09250,0,55,Auzéville-en-Argonne
AUZOUVILLE AUBERBOSC,76640,76258,49.65170,0.60390,0,76,Auzouville-Auberbosc
AVENAS,69860,69135,46.23790,4.56310,0,69,Avenas
AVENHEIM,67370,67452,48.65770,7.57070,0,67,Avenheim
AVERNES SOUS EXMES,61310,61474,48.78510,0.11260,0,61,Avernes-sous-Exmes
AVIERNOZ,74570,74282,46.00570,6.22750,0,74,Aviernoz
AVIRE,49520,49331,47.71110,-0.85400,0,49,Aviré
AY,51160,51030,49.05610,4.04140,0,51,Ay
BACHIVILLERS,60240,60256,49.29040,1.99290,0,60,Bachivillers
BAGAT EN QUERCY,46800,46263,44.37080,1.25600,0,46,Bagat-en-Quercy
BAGE LA VILLE,01380,01025,46.32770,4.97040,0,01,Bâgé-la-Ville
BAGNOLES DE L ORNE,61600,61483,48.56960,-0.41740,0,61,Bagnoles-de-l'Orne
BAGNOLS LES BAINS,48250,48027,44.50990,3.74900,0,48,Bagnols-les-Bains
BAIGNOLET,28150,28406,48.21080,1.67160,0,28,Baignolet
BAILLE,35460,35292,48.37400,-1.40150,0,35,Baillé
BAINS LES BAINS,88240,88029,48.01700,6.25430,0,88,Bains-les-Bains
BALAIVES ET BUTZ,08160,08173,49.67180,4.73980,0,08,Balaives-et-Butz
BALBINS,38260,38284,45.39430,5.21370,0,38,Balbins
BALESMES SUR MARNE,52200,52449,47.82410,5.34540,0,52,Balesmes-sur-Marne
BALLEE,53340,53017,47.93620,-0.38010,0,53,Ballée
BALLERAY,58130,58204,47.07700,3.29040,0,58,Balleray
BALLEROY,14490,14035,49.19310,-0.83250,0,14,Balleroy
BANAT,09400,09306,42.84510,1.59770,0,09,Banat
BARBECHAT,44450,44029,47.27890,-1.33860,0,44,Barbechat
BARMAINVILLE,28310,28319,48.27740,1.92220,0,28,Barmainville
BARRICOURT,08240,08437,49.41560,5.06660,0,08,Barricourt
BASSILLAC,24640,24026,45.15770,0.88000,0,24,Bassillac
BAUDIGNECOURT,55130,55150,48.58650,5.46490,0,55,Baudignécourt
BAUGE,49150,49018,47.55980,-0.11430,0,49,Baugé
BAULNE EN BRIE,02330,02053,49.00090,3.62030,0,02,Baulne-en-Brie
BAUNE,49800,49307,47.46950,-0.37340,0,49,Bauné
BAUQUAY,14770,14027,48.99080,-0.65450,0,14,Bauquay
BAZOCHES SUR VESLES,02220,02054,49.29910,3.61840,0,02,Bazoches-sur-Vesles
BAZOUGES SUR LE LOIR,72200,72025,47.67580,-0.16280,0,72,Bazouges-sur-le-Loir
BEAUCHARMOY,52400,52400,47.97140,5.64970,0,52,Beaucharmoy
BEAUFORT EN VALLEE,49250,49021,47.43740,-0.20630,0,49,Beaufort-en-Vallée
BEAUFOUR,14340,14231,49.21110,0.02310,0,14,Beaufour
BEAULANDAIS,61330,61211,48.52690,-0.52050,0,61,Beaulandais
BEAULIEU SOUS BRESSUIRE,79300,79049,46.86540,-0.47330,0,79,Beaulieu-sous-Bressuire
BEAUMAT,46240,46138,44.64410,1.60400,0,46,Beaumat
BEAUMONT DU PERIGORD,24440,24028,44.73870,0.75520,0,24,Beaumont-du-Périgord
BEAUMONT HAGUE,50690,50041,49.65460,-1.82140,0,50,Beaumont-Hague
BEAUPREAU,49600,49023,47.20280,-0.98440,0,49,Beaupréau
BEAUSSAC,24340,24253,45.44760,0.51070,0,24,Beaussac
BEAUSSE,49620,49244,47.34350,-0.93510,0,49,Beausse
BEAUVAU,49140,49163,47.56060,-0.25630,0,49,Beauvau
BEAUVOIR SUR SARCE,10340,10058,47.97030,4.26730,0,10,Beauvoir-sur-Sarce
BEHLENHEIM,67370,67495,48.65840,7.62930,0,67,Behlenheim
BELLEGARDE SUR VALSERINE,01200,01033,46.12340,5.79440,0,01,Bellegarde-sur-Valserine
BELLENTRE,73210,73150,45.56840,6.70300,0,73,Bellentre
BELLEVILLE SUR MER,76910,76618,49.96120,1.23430,0,76,Belleville-sur-Mer
BELLEVILLE SUR VIE,85170,85019,46.78760,-1.40730,0,85,Belleville-sur-Vie
BELLIGNE,44370,44213,47.43520,-1.03190,0,44,Belligné
BELLOU,14290,14371,49.00140,0.22310,0,14,Bellou
BELMONT LUTHEZIEU,01260,01036,45.92360,5.66260,0,01,Belmont-Luthézieu
BELVES,24170,24035,44.74920,1.00500,0,24,Belvès
BENNETOT,76640,76258,49.65170,0.60390,0,76,Bennetot
BERGUETTE,62330,62473,50.61470,2.45610,0,62,Berguette
BERMERIES,59570,59006,50.28240,3.74680,0,59,Bermeries
BERMONVILLE,76640,76258,49.65170,0.60390,0,76,Bermonville
BERNEVAL LE GRAND,76910,76618,49.96120,1.23430,0,76,Berneval-le-Grand
BERNIERES LE PATRY,14410,14726,48.86190,-0.71730,0,14,Bernières-le-Patry
BERTHENONVILLE,27630,27213,49.17510,1.57080,0,27,Berthenonville
BERVILLE EN ROUMOIS,27520,27062,49.27340,0.83080,0,27,Berville-en-Roumois
BETONCOURT LES MENETRIERS,70120,70373,47.69530,5.75520,0,70,Betoncourt-les-Ménétriers
BEUZEVILLE AU PLAIN,50480,50523,49.42050,-1.29670,0,50,Beuzeville-au-Plain
BEYREDE JUMET,65410,65092,42.95470,0.34900,0,65,Beyrède-Jumet
BIERNES,52330,52140,48.24180,4.92400,0,52,Biernes
BIERRE LES SEMUR,21390,21272,47.43570,4.32060,0,21,Bierre-lès-Semur
BIEVILLE QUETIEVILLE,14340,14527,49.11840,-0.01920,0,14,Biéville-Quétiéville
BILLY SOUS LES COTES,55210,55551,48.98630,5.73460,0,55,Billy-sous-les-Côtes
BINIC,22680,22055,48.61670,-2.83720,0,22,Binic
BINSON ET ORQUIGNY,51700,51457,49.09450,3.80890,0,51,Binson-et-Orquigny
BION,50140,50359,48.60770,-0.92590,0,50,Bion
BIRKENWALD,67440,67004,48.66010,7.35650,0,67,Birkenwald
BIRLENBACH,67160,67104,48.98120,7.88040,0,67,Birlenbach
BISCHTROFF SUR SARRE,67260,67435,48.90890,7.07680,0,67,Bischtroff-sur-Sarre
BISSEUIL,51160,51030,49.05610,4.04140,0,51,Bisseuil
BIVILLE,50690,50041,49.65460,-1.82140,0,50,Biville
BIVILLE SUR MER,76910,76618,49.96120,1.23430,0,76,Biville-sur-Mer
BIVILLIERS,61190,61491,48.60650,0.63210,0,61,Bivilliers
BLAISE,08400,08490,49.41940,4.70730,0,08,Blaise
BLAISON GOHIER,49320,49029,47.37850,-0.38360,0,49,Blaison-Gohier
BLANCHEFONTAINE,25120,25433,47.26750,6.75540,0,25,Blanchefontaine
BLANCHEVILLE,52700,52008,48.23650,5.28100,0,52,Blancheville
BLANDOUET,53270,53228,48.04800,-0.36080,0,53,Blandouet
BLASLAY,86380,86281,46.72970,0.26340,0,86,Blaslay
BLEGIERS,04420,04155,44.21350,6.45980,0,04,Blégiers
BLERCOURT,55120,55385,49.11150,5.25550,0,55,Blercourt
BLEURY SAINT SYMPHORIEN,28700,28015,48.50000,1.76420,0,28,Bleury-Saint-Symphorien
BLEVY,28170,28226,48.63000,1.15270,0,28,Blévy
BLIGNY EN OTHE,89210,89055,48.00100,3.61830,0,89,Bligny-en-Othe
BLIS ET BORN,24640,24026,45.15770,0.88000,0,24,Blis-et-Born
BOCE,49150,49018,47.55980,-0.11430,0,49,Bocé
BOCQUENCE,61550,61167,48.84360,0.49510,0,61,Bocquencé
BOISRAULT,80640,80443,49.84060,1.90410,0,80,Boisrault
BOISROGER,50560,50215,49.10770,-1.53150,0,50,Boisroger
BOISSY LE BOIS,60240,60209,49.29590,1.92900,0,60,Boissy-le-Bois
BONNAUD,39190,39576,46.60470,5.46190,0,39,Bonnaud
BONNEVAUX LE PRIEURE,25620,25434,47.10000,6.15340,0,25,Bonnevaux-le-Prieuré
BONNOEUVRE,44540,44180,47.53490,-1.14140,0,44,Bonnœuvre
BORCQ SUR AIRVAULT,79600,79005,46.83230,-0.15320,0,79,Borcq-sur-Airvault
BOSC BENARD CRESCY,27310,27085,49.32510,0.77740,0,27,Bosc-Bénard-Crescy
BOSC RENOULT EN OUCHE,27410,27049,48.98690,0.67010,0,27,Bosc-Renoult-en-Ouche
BOSC ROGER SUR BUCHY,76750,76146,49.58590,1.33940,0,76,Bosc-Roger-sur-Buchy
BOSGUERARD DE MARCOUVILLE,27520,27062,49.27340,0.83080,0,27,Bosguérard-de-Marcouville
BOSSEVAL ET BRIANCOURT,08350,08491,49.75540,4.86520,0,08,Bosseval-et-Briancourt
BOTZ EN MAUGES,49620,49244,47.34350,-0.93510,0,49,Botz-en-Mauges
BOUFFERE,85600,85146,46.97410,-1.29230,0,85,Boufféré
BOUILLE LORETZ,79290,79014,47.05780,-0.27320,0,79,Bouillé-Loretz
BOUILLE SAINT PAUL,79290,79063,47.03510,-0.34500,0,79,Bouillé-Saint-Paul
BOULAZAC,24750,24053,45.13850,0.78780,0,24,Boulazac
BOULOGNE,85140,85084,46.78610,-1.24580,0,85,Boulogne
BOURG DE THIZY,69240,69248,46.05050,4.31090,0,69,Bourg-de-Thizy
BOURGNEUF EN MAUGES,49620,49244,47.34350,-0.93510,0,49,Bourgneuf-en-Mauges
BOURGNEUF EN RETZ,44580,44021,47.03500,-1.90190,0,44,Bourgneuf-en-Retz
BOURGOGNE,51110,51075,49.34880,4.08550,0,51,Bourgogne
BOURMONT,52150,52064,48.22250,5.61230,0,52,Bourmont
BOURNEVILLE,27500,27107,49.40130,0.62190,0,27,Bourneville
BOURRE,41400,41151,47.35940,1.19980,0,41,Bourré
BOUTANCOURT,08160,08173,49.67180,4.73980,0,08,Boutancourt
BOUTAVENT,60220,60245,49.64780,1.73720,0,60,Boutavent
BOUZILLE,49530,49126,47.30420,-1.21350,0,49,Bouzillé
BOUZONVILLE EN BEAUCE,45300,45253,48.17320,2.20380,0,45,Bouzonville-en-Beauce
BRACQUEMONT,76910,76618,49.96120,1.23430,0,76,Bracquemont
BRAHIC,07140,07334,44.38840,4.11450,0,07,Brahic
BRAIN SUR L AUTHION,49800,49307,47.46950,-0.37340,0,49,Brain-sur-l'Authion
BRAIN SUR LONGUENEE,49370,49367,47.58900,-0.81780,0,49,Brain-sur-Longuenée
BRAMANS,73500,73290,45.27640,6.89160,0,73,Bramans
BRANDON,71520,71134,46.35470,4.56490,0,71,Brandon
BRANTOME,24530,24064,45.37560,0.65960,0,24,Brantôme
BRANVILLE HAGUE,50690,50041,49.65460,-1.82140,0,50,Branville-Hague
BRAUCOURT,52290,52182,48.56980,4.83400,0,52,Braucourt
BRECTOUVILLE,50160,50601,48.99610,-0.97400,0,50,Brectouville
BREEL,61430,61007,48.79340,-0.46210,0,61,Bréel
BREIL,49490,49228,47.51110,0.10270,0,49,Breil
BREMMELBACH,67160,67074,48.99280,7.88640,0,67,Bremmelbach
BRENAC,11500,11304,42.88330,2.17330,0,11,Brenac
BRENAZ,01260,01453,45.91530,5.73460,0,01,Brénaz
BRERY,39230,39199,46.76820,5.58980,0,39,Bréry
BRESOLETTES,61190,61491,48.60650,0.63210,0,61,Bresolettes
BRESSONCOURT,52230,52491,48.42400,5.31860,0,52,Bressoncourt
BRETIGNOLLES LE MOULIN,53110,53118,48.47300,-0.54240,0,53,Brétignolles-le-Moulin
BRETTEVILLE L ORGUEILLEUSE,14740,14098,49.19630,-0.53980,0,14,Bretteville-l'Orgueilleuse
BRETTEVILLE SUR DIVES,14170,14654,48.98730,0.02520,0,14,Bretteville-sur-Dives
BREUIL BARRET,85120,85289,46.64670,-0.69200,0,85,Breuil-Barret
BREUIL CHAUSSEE,79300,79049,46.86540,-0.47330,0,79,Breuil-Chaussée
BREUIL SUR MARNE,52170,52123,48.52770,5.14850,0,52,Breuil-sur-Marne
BREUILH,24750,24312,45.10790,0.74350,0,24,Breuilh
BREVANDS,50620,50099,49.30610,-1.21180,0,50,Brévands
BREZE,49400,49060,47.17810,-0.04490,0,49,Brézé
BRICQUEBEC,50260,50082,49.46210,-1.66280,0,50,Bricquebec
BRIEY,54790,54099,49.26630,5.95460,0,54,Briey
BRIGNE,49700,49125,47.19880,-0.30530,0,49,Brigné
BRIGNOGAN PLAGES,29890,29021,48.65190,-4.32460,0,29,Brignogan-Plages
BRISSAC QUINCE,49320,49050,47.33920,-0.40870,0,49,Brissac-Quincé
BRISSARTHE,49330,49080,47.69700,-0.54990,0,49,Brissarthe
BRIVEZAC,19120,19019,44.99910,1.83180,0,19,Brivezac
BROC,49490,49228,47.51110,0.10270,0,49,Broc
BRONCOURT,52500,52197,47.79400,5.60040,0,52,Broncourt
BROTTES,52000,52121,48.09650,5.15660,0,52,Brottes
BROUAY,14740,14098,49.19630,-0.53980,0,14,Brouay
BROUTHIERES,52230,52491,48.42400,5.31860,0,52,Brouthières
BRUCHEVILLE,50620,50099,49.30610,-1.21180,0,50,Brucheville
BRUNELLES,28400,28236,48.33650,0.89000,0,28,Brunelles
BRUNSTATT,68350,68056,47.71650,7.31480,0,68,Brunstatt
BRUNVILLE,76910,76618,49.96120,1.23430,0,76,Brunville
BUAIS,50640,50090,48.52450,-0.97470,0,50,Buais
BUBERTRE,61190,61491,48.60650,0.63210,0,61,Bubertré
BUCHEY,52330,52426,48.27270,4.86870,0,52,Buchey
BULAINVILLE,55250,55389,49.00620,5.17560,0,55,Bulainville
BURES LES MONTS,14350,14061,48.96160,-0.84000,0,14,Bures-les-Monts
BURES SUR DIVES,14670,14712,49.19410,-0.18440,0,14,Bures-sur-Dives
BUS SAINT REMY,27630,27213,49.17510,1.57080,0,27,Bus-Saint-Rémy
BUSSIERE BOFFY,87330,87097,46.08840,0.90040,0,87,Bussière-Boffy
BUSSIERE POITEVINE,87330,87028,46.22930,0.89870,0,87,Bussière-Poitevine
BUSSUREL,70400,70285,47.56660,6.75940,0,70,Bussurel
BUSSUS BUSSUEL,80135,80155,50.10800,1.99480,0,80,Bussus-Bussuel
BUXERULLES,55300,55093,48.90550,5.68150,0,55,Buxerulles
BUZEINS,12150,12270,44.31380,3.02940,0,12,Buzeins
CABAS LOUMASSES,32420,32365,43.36270,0.66790,0,32,Cabas-Loumassès
CADOUIN,24480,24068,44.81440,0.88850,0,24,Cadouin
CALVIAC,46190,46311,44.90010,2.03400,0,46,Calviac
CALVINET,15340,15027,44.70650,2.32500,0,15,Calvinet
CAMOU MIXE SUHAST,64120,64010,43.35450,-1.01410,0,64,Camou-Mixe-Suhast
CAMOUS,65410,65092,42.95470,0.34900,0,65,Camous
CAMPANDRE VALCONGRAIN,14770,14027,48.99080,-0.65450,0,14,Campandré-Valcongrain
CAMPEL,35330,35168,47.89810,-1.99310,0,35,Campel
CAMPES,81170,81262,44.08560,2.00060,0,81,Campes
CANNET,32400,32344,43.63920,-0.07770,0,32,Cannet
CANTIERS,27630,27213,49.17510,1.57080,0,27,Cantiers
CANTILLAC,24530,24064,45.37560,0.65960,0,24,Cantillac
CAPBIS,64800,64148,43.12800,-0.29990,0,64,Capbis
CARNET,50240,50487,48.52090,-1.36380,0,50,Carnet
CARNOY,80300,80505,49.99930,2.74900,0,80,Carnoy
CARQUEBUT,50480,50523,49.42050,-1.29670,0,50,Carquebut
CARVILLE,14350,14061,48.96160,-0.84000,0,14,Carville
CASSABER,64270,64168,43.48480,-1.00080,0,64,Cassaber
CASTELJAU,07460,07031,44.37910,4.20560,0,07,Casteljau
CASTETS EN DORTHE,33210,33106,44.55440,-0.13660,0,33,Castets-en-Dorthe
CASTILLON DE CASTETS,33210,33106,44.55440,-0.13660,0,33,Castillon-de-Castets
CASTILLY,14330,14342,49.28520,-1.05700,0,14,Castilly
CATZ,50620,50099,49.30610,-1.21180,0,50,Catz
CAUDEBEC EN CAUX,76490,76164,49.52660,0.71840,0,76,Caudebec-en-Caux
CAUMONT L EVENTE,14240,14143,49.11300,-0.80530,0,14,Caumont-l'Éventé
CAUMONT SUR ORNE,14220,14689,48.98710,-0.52220,0,14,Caumont-sur-Orne
CAUNAY,79190,79307,46.16250,0.12570,0,79,Caunay
CAYCHAX,09250,09088,42.80890,1.72140,0,09,Caychax
CAZILLAC,46600,46232,44.98800,1.60830,0,46,Cazillac
CAZOULES,24370,24325,44.90000,1.40060,0,24,Cazoulès
CEAUX EN COUHE,86700,86082,46.31690,0.21260,0,86,Ceaux-en-Couhé
CELLIERS,73260,73187,45.52610,6.46660,0,73,Celliers
CENDRIEUX,24510,24362,44.97310,0.77330,0,24,Cendrieux
CERCLES,24320,24554,45.36900,0.45080,0,24,Cercles
CERQUEUX,14290,14371,49.00140,0.22310,0,14,Cerqueux
CERSAY,79290,79063,47.03510,-0.34500,0,79,Cersay
CESNY BOIS HALBOUT,14220,14150,48.96450,-0.37610,0,14,Cesny-Bois-Halbout
CESSENS,73410,73010,45.78650,5.91490,0,73,Cessens
CESSIERES,02320,02153,49.55750,3.48170,0,02,Cessières
CEZAIS,85410,85292,46.60130,-0.84210,0,85,Cezais
CHACE,49400,49060,47.17810,-0.04490,0,49,Chacé
CHAIL,79500,79064,46.18320,-0.08670,0,79,Chail
CHAILLE SOUS LES ORMEAUX,85310,85213,46.58960,-1.33450,0,85,Chaillé-sous-les-Ormeaux
CHAIX,85200,85009,46.43660,-0.87390,0,85,Chaix
CHALANDREY,50540,50256,48.62360,-1.17980,0,50,Chalandrey
CHALMAZEL,42920,42039,45.70320,3.83370,0,42,Chalmazel
CHALONNES SOUS LE LUDE,49490,49228,47.51110,0.10270,0,49,Chalonnes-sous-le-Lude
CHAMBEUGLE,89120,89086,47.87860,3.10730,0,89,Chambeugle
CHAMBON LE CHATEAU,48600,48038,44.84240,3.62790,0,48,Chambon-le-Château
CHAMBON SUR CISSE,41190,41142,47.57150,1.19680,0,41,Chambon-sur-Cisse
CHAMBRETAUD,85500,85302,46.94680,-0.98570,0,85,Chambretaud
CHAMBROUTET,79300,79049,46.86540,-0.47330,0,79,Chambroutet
CHAMEANE,63580,63448,45.49620,3.45740,0,63,Chaméane
CHAMMES,53270,53255,48.09170,-0.38210,0,53,Chammes
CHAMP DU BOULT,14380,14658,48.82970,-1.02800,0,14,Champ-du-Boult
CHAMP SUR LAYON,49750,49345,47.27190,-0.53950,0,49,Champ-sur-Layon
CHAMPCEY,50530,50565,48.74480,-1.44410,0,50,Champcey
CHAMPCOURT,52330,52140,48.24180,4.92400,0,52,Champcourt
CHAMPDOR,01110,01080,46.03710,5.58820,0,01,Champdor
CHAMPEAUX ET LA CHAPELLE POMMIER,24340,24253,45.44760,0.51070,0,24,Champeaux-et-la-Chapelle-Pommier
CHAMPIGNE,49330,49080,47.69700,-0.54990,0,49,Champigné
CHAMPLITTE LA VILLE,70600,70122,47.63100,5.49930,0,70,Champlitte-la-Ville
CHAMPTEUSSE SUR BACONNE,49220,49067,47.67870,-0.65850,0,49,Champteussé-sur-Baconne
CHAMPTOCEAUX,49530,49126,47.30420,-1.21350,0,49,Champtoceaux
CHAMPVALLON,89710,89003,47.90040,3.32110,0,89,Champvallon
CHANCE,35680,35220,48.01460,-1.40600,0,35,Chancé
CHANTECORPS,79340,79105,46.50300,-0.13330,0,79,Chantecorps
CHANTELOUVE,38740,38073,44.96060,5.97940,0,38,Chantelouve
CHANTOME,36270,36070,46.42860,1.56750,0,36,Chantôme
CHANZEAUX,49750,49092,47.22110,-0.69640,0,49,Chanzeaux
CHARCE SAINT ELLIER SUR AUBANCE,49320,49050,47.33920,-0.40870,0,49,Charcé-Saint-Ellier-sur-Aubance
CHARDES,17130,17240,45.28590,-0.38620,0,17,Chardes
CHARMOILLES,52260,52432,47.94760,5.30900,0,52,Charmoilles
CHARRAIS,86380,86281,46.72970,0.26340,0,86,Charrais
CHARTRENE,49150,49018,47.55980,-0.11430,0,49,Chartrené
CHASSAGNY,69700,69179,45.58980,4.70410,0,69,Chassagny
CHASSE,72610,72137,48.43030,0.23650,0,72,Chassé
CHASSEGUEY,50520,50260,48.67900,-1.01610,0,50,Chasseguey
CHASSERADES,48250,48027,44.50990,3.74900,0,48,Chasseradès
CHASTEL SUR MURAT,15300,15138,45.12360,2.85010,0,15,Chastel-sur-Murat
CHASTENAY,89560,89283,47.65920,3.41630,0,89,Chastenay
CHATEAU DES PRES,39150,39258,46.52870,5.90910,0,39,Château-des-Prés
CHATEAU DU LOIR,72500,72071,47.69550,0.42130,0,72,Château-du-Loir
CHATEAU GONTIER,53200,53062,47.82100,-0.70100,0,53,Château-Gontier
CHATEAUNEUF DE CHABRE,05300,05118,44.25160,5.83380,0,05,Châteauneuf-de-Chabre
CHATEAUNEUF LES MOUSTIERS,04120,04144,43.80100,6.32300,0,04,Châteauneuf-lès-Moustiers
CHATEAUNEUF SUR SARTHE,49330,49080,47.69700,-0.54990,0,49,Châteauneuf-sur-Sarthe
CHATELAIS,49520,49331,47.71110,-0.85400,0,49,Châtelais
CHATELAUDREN,22170,22206,48.53110,-2.98720,0,22,Châtelaudren
CHATILLON EN MICHAILLE,01200,01033,46.12340,5.79440,0,01,Châtillon-en-Michaille
CHATILLON SUR BAR,08240,08057,49.46240,4.81780,0,08,Châtillon-sur-Bar
CHATOILLENOT,52190,52189,47.68610,5.22020,0,52,Chatoillenot
CHATRES LA FORET,53600,53097,48.14230,-0.43280,0,53,Châtres-la-Forêt
CHAUDRON EN MAUGES,49600,49218,47.24940,-1.02040,0,49,Chaudron-en-Mauges
CHAUMERE,35113,35096,48.06540,-1.40510,0,35,Chaumeré
CHAUMONT D ANJOU,49140,49163,47.56060,-0.25630,0,49,Chaumont-d'Anjou
CHAUX LES CLERVAL,25340,25156,47.38750,6.50210,0,25,Chaux-lès-Clerval
CHAVAGNES,49540,49086,47.26900,-0.44300,0,49,Chavagnes
CHAVAIGNES,49490,49228,47.51110,0.10270,0,49,Chavaignes
CHAVORNAY,01260,01453,45.91530,5.73460,0,01,Chavornay
CHAZE HENRY,49520,49248,47.72320,-1.10860,0,49,Chazé-Henry
CHAZELOT,25680,25505,47.47660,6.35000,0,25,Chazelot
CHAZOY,25170,25101,47.26090,5.78100,0,25,Chazoy
CHEF DU PONT,50480,50523,49.42050,-1.29670,0,50,Chef-du-Pont
CHEFFREVILLE TONNENCOURT,14290,14371,49.00140,0.22310,0,14,Cheffreville-Tonnencourt
CHEHERY,08450,08115,49.61450,4.86990,0,08,Chéhéry
CHEMAULT,45340,45035,48.03900,2.35760,0,45,Chemault
CHEMELLIER,49320,49050,47.33920,-0.40870,0,49,Chemellier
CHEMERE,44680,44005,47.15610,-1.91530,0,44,Chéméré
CHEMERY SUR BAR,08450,08115,49.61450,4.86990,0,08,Chémery-sur-Bar
CHEMILLE,49750,49092,47.22110,-0.69640,0,49,Chemillé
CHEMIRE SUR SARTHE,49640,49220,47.71810,-0.38160,0,49,Chemiré-sur-Sarthe
CHENAUD,24410,24316,45.19810,0.05790,0,24,Chenaud
CHENE ARNOULT,89120,89086,47.87860,3.10730,0,89,Chêne-Arnoult
CHENECHE,86380,86281,46.72970,0.26340,0,86,Cheneché
CHENEDOLLE,14410,14726,48.86190,-0.71730,0,14,Chênedollé
CHENEDOUIT,61210,61339,48.77110,-0.28890,0,61,Chênedouit
CHENEHUTTE TREVES CUNAULT,49350,49261,47.34240,-0.23520,0,49,Chênehutte-Trèves-Cunault
CHENILLE CHANGE,49220,49067,47.67870,-0.65850,0,49,Chenillé-Changé
CHENNEVIERES,55500,55358,48.67540,5.38900,0,55,Chennevières
CHERBOURG OCTEVILLE,50470,50129,49.62770,-1.63560,0,50,Cherbourg-Octeville
CHERENCE LE ROUSSEL,50520,50260,48.67900,-1.01610,0,50,Chérencé-le-Roussel
CHERRE,49330,49080,47.69700,-0.54990,0,49,Cherré
CHERREAU,72400,72080,48.17420,0.67100,0,72,Cherreau
CHERVES RICHEMONT,16370,16097,45.74800,-0.37400,0,16,Cherves-Richemont
CHEUX,14740,14098,49.19630,-0.53980,0,14,Cheux
CHEVIRE LE ROUGE,49150,49018,47.55980,-0.11430,0,49,Cheviré-le-Rouge
CHICHEBOVILLE,14370,14456,49.11230,-0.18980,0,14,Chicheboville
CHIDRAC,63320,63109,45.55380,3.15020,0,63,Chidrac
CHIGNE,49490,49228,47.51110,0.10270,0,49,Chigné
CHIGY,89320,89411,48.17670,3.46410,0,89,Chigy
CHOUZY SUR CISSE,41150,41055,47.53000,1.21260,0,41,Chouzy-sur-Cisse
CHOYE,70700,70152,47.40010,5.75490,0,70,Choye
CISERY,89420,89197,47.52430,4.07010,0,89,Cisery
CLAIREFOUGERE,61800,61292,48.80060,-0.67870,0,61,Clairefougère
CLAZAY,79300,79049,46.86540,-0.47330,0,79,Clazay
CLEFS,49150,49018,47.55980,-0.11430,0,49,Clefs
CLERMAIN,71520,71134,46.35470,4.56490,0,71,Clermain
CLINCHAMPS SUR ORNE,14320,14349,49.08120,-0.39630,0,14,Clinchamps-sur-Orne
COETLOGON,22210,22241,48.09570,-2.58850,0,22,Coëtlogon
COGLES,35460,35191,48.45230,-1.34030,0,35,Coglès
COIGNY,50250,50273,49.30530,-1.44170,0,50,Coigny
COLLIGNY,57530,57148,49.10400,6.33840,0,57,Colligny
COLLINEE,22330,22046,48.28370,-2.51440,0,22,Collinée
COLLONGES LES PREMIERES,21110,21183,47.23030,5.29150,0,21,Collonges-lès-Premières
COLOMBEY LES CHOISEUL,52240,52074,48.08620,5.61760,0,52,Colombey-lès-Choiseul
COLONARD CORUBERT,61340,61309,48.35850,0.69580,0,61,Colonard-Corubert
COLROY LA GRANDE,88490,88361,48.32120,7.09840,0,88,Colroy-la-Grande
COLY,24290,24364,45.06340,1.24560,0,24,Coly
COMBREE,49520,49248,47.72320,-1.10860,0,49,Combrée
COMIAC,46190,46311,44.90010,2.03400,0,46,Comiac
COMMELLE,38260,38479,45.43200,5.21530,0,38,Commelle
COMMISSEY,89430,89407,47.84820,4.08310,0,89,Commissey
CONCOURSON SUR LAYON,49700,49125,47.19880,-0.30530,0,49,Concourson-sur-Layon
CONDE SUR HUISNE,61110,61116,48.38400,0.87140,0,61,Condé-sur-Huisne
CONDE SUR ITON,27240,27198,48.86060,1.04810,0,27,Condé-sur-Iton
CONDE SUR NOIREAU,14770,14174,48.88520,-0.57790,0,14,Condé-sur-Noireau
CONDEAU,61110,61116,48.38400,0.87140,0,61,Condeau
CONILHAC DE LA MONTAGNE,11300,11323,42.99040,2.20750,0,11,Conilhac-de-la-Montagne
CONQUES,12320,12218,44.58170,2.38950,0,12,Conques
CONS SAINTE COLOMBE,74210,74167,45.75970,6.35340,0,74,Cons-Sainte-Colombe
CONTIGNE,49330,49080,47.69700,-0.54990,0,49,Contigné
CONTRIERES,50660,50419,48.96800,-1.43220,0,50,Contrières
CORBES,30140,30329,44.06460,3.92480,0,30,Corbès
CORCELLES,01110,01080,46.03710,5.58820,0,01,Corcelles
CORDEAC,38710,38456,44.82440,5.83080,0,38,Cordéac
CORDIEUX,01120,01262,45.88680,5.01850,0,01,Cordieux
CORDIRON,25170,25101,47.26090,5.78100,0,25,Cordiron
CORGIRNON,52500,52083,47.77180,5.52850,0,52,Corgirnon
CORLEE,52200,52269,47.85970,5.33640,0,52,Corlée
CORMARANCHE EN BUGEY,01110,01185,45.93050,5.57750,0,01,Cormaranche-en-Bugey
CORNE,49800,49307,47.46950,-0.37340,0,49,Corné
CORNIEVILLE,55200,55258,48.78320,5.71190,0,55,Corniéville
CORNY,27700,27070,49.28910,1.45420,0,27,Corny
COSSE D ANJOU,49750,49092,47.22110,-0.69640,0,49,Cossé-d'Anjou
COTTIER,25410,25374,47.20950,5.75470,0,25,Cottier
COUDEKERQUE VILLAGE,59380,59588,51.00920,2.44530,0,59,Coudekerque-Village
COUDRECEAU,28400,28236,48.33650,0.89000,0,28,Coudreceau
COUHE,86700,86082,46.31690,0.21260,0,86,Couhé
COULANS SUR LIZON,25330,25223,47.01380,5.99860,0,25,Coulans-sur-Lizon
COULEDOUX,31440,31085,42.91690,0.77220,0,31,Couledoux
COULONGE SUR CHARENTE,17350,17397,45.88190,-0.68590,0,17,Coulonge-sur-Charente
COULONGES LES SABLONS,61110,61116,48.38400,0.87140,0,61,Coulonges-les-Sablons
COULVAIN,14310,14579,49.03170,-0.69750,0,14,Coulvain
COUPESARTE,14370,14431,49.08600,-0.01690,0,14,Coupesarte
COURCELLES VAL D ESNOMS,52190,52189,47.68610,5.22020,0,52,Courcelles-Val-d'Esnoms
COURCHATON,70110,70180,47.52660,6.53840,0,70,Courchaton
COURMENIL,61310,61474,48.78510,0.11260,0,61,Courménil
COURS LA VILLE,69470,69066,46.09680,4.34450,0,69,Cours-la-Ville
COURSON,14380,14658,48.82970,-1.02800,0,14,Courson
COUSANCES AU BOIS,55500,55518,48.77030,5.40320,0,55,Cousances-au-Bois
COUSSERGUES,12340,12177,44.42310,2.85880,0,12,Coussergues
COUTERNE,61410,61096,48.53520,-0.44340,0,61,Couterne
COUTIERES,79340,79105,46.50300,-0.13330,0,79,Coutières
COUTURE SUR LOIR,41800,41070,47.74640,0.66590,0,41,Couture-sur-Loir
CRAN GEVRIER,74960,74010,45.90240,6.12640,0,74,Cran-Gevrier
CRAS SUR REYSSOUZE,01340,01130,46.32710,5.18220,0,01,Cras-sur-Reyssouze
CRE SUR LOIR,72200,72025,47.67580,-0.16280,0,72,Cré-sur-Loir
CRENAY,52800,52205,48.02340,5.16320,0,52,Crenay
CRESSENSAC,46600,46083,45.01750,1.54990,0,46,Cressensac
CRESSY,76850,76034,49.71470,1.13390,0,76,Cressy
CREUE,55210,55551,48.98630,5.73460,0,55,Creuë
CREVECOEUR EN AUGE,14370,14431,49.08600,-0.01690,0,14,Crèvecœur-en-Auge
CREZIERES,79110,79083,46.11820,-0.09660,0,79,Crézières
CRIMOLOIS,21800,21452,47.27230,5.11430,0,21,Crimolois
CROISSANVILLE,14370,14431,49.08600,-0.01690,0,14,Croissanville
CROIXANVEC,56920,56213,48.11900,-2.88250,0,56,Croixanvec
CRUEJOULS,12340,12177,44.42310,2.85880,0,12,Cruéjouls
CUBJAC,24640,24147,45.23250,0.96230,0,24,Cubjac
CUBRY LES SOING,70130,70492,47.58720,5.88330,0,70,Cubry-lès-Soing
CUGAND,85610,85076,47.04740,-1.25740,0,85,Cugand
CUISIAT,01370,01426,46.28160,5.35370,0,01,Cuisiat
CULOZ,01350,01138,45.85530,5.77160,0,01,Culoz
CUON,49150,49018,47.55980,-0.11430,0,49,Cuon
CURCY SUR ORNE,14220,14689,48.98710,-0.52220,0,14,Curcy-sur-Orne
CUTTURA,39170,39491,46.41330,5.79850,0,39,Cuttura
DALLET,63115,63226,45.76030,3.24210,0,63,Dallet
DAMPIERRE AU TEMPLE,51400,51485,49.04190,4.38630,0,51,Dampierre-au-Temple
DAMPIERRE SUR BLEVY,28170,28226,48.63000,1.15270,0,28,Dampierre-sur-Blévy
DAMPIERRE SUR LOIRE,49400,49328,47.26450,-0.08370,0,49,Dampierre-sur-Loire
DAMPSMESNIL,27630,27213,49.17510,1.57080,0,27,Dampsmesnil
DANCE,42590,42268,45.88580,4.05780,0,42,Dancé
DANVOU LA FERRIERE,14770,14027,48.99080,-0.65450,0,14,Danvou-la-Ferrière
DAREIZE,69490,69157,45.88860,4.49480,0,69,Dareizé
DARNAC,87330,87028,46.22930,0.89870,0,87,Darnac
DAUMERAY,49640,49220,47.71810,-0.38160,0,49,Daumeray
DEBATS RIVIERE D ORPRA,42130,42084,45.77750,3.91860,0,42,Débats-Rivière-d'Orpra
DENEZE SOUS LE LUDE,49490,49228,47.51110,0.10270,0,49,Dénezé-sous-le-Lude
DENNEVILLE,50580,50412,49.34030,-1.68880,0,50,Denneville
DERCHIGNY,76910,76618,49.96120,1.23430,0,76,Derchigny
DESSIA,39320,39273,46.37930,5.48250,0,39,Dessia
DEUX EVAILLES,53150,53161,48.16360,-0.55750,0,53,Deux-Évailles
DEUXNOUDS AUX BOIS,55300,55274,48.96250,5.60000,0,55,Deuxnouds-aux-Bois
DEUXNOUDS DEVANT BEAUZEE,55250,55040,48.96580,5.21830,0,55,Deuxnouds-devant-Beauzée
DICY,89120,89086,47.87860,3.10730,0,89,Dicy
DIDENHEIM,68350,68056,47.71650,7.31480,0,68,Didenheim
DIGULLEVILLE,50690,50041,49.65460,-1.82140,0,50,Digulleville
DILO,89320,89014,48.10470,3.58770,0,89,Dilo
DIO ET VALQUIERES,34650,34144,43.69770,3.19510,0,34,Dio-et-Valquières
DISSAIS,85320,85135,46.53210,-1.23220,0,85,Dissais
DISSE SOUS LE LUDE,72800,72176,47.64040,0.14320,0,72,Dissé-sous-le-Lude
DOMPIERRE DU CHEMIN,35210,35163,48.28230,-1.13010,0,35,Dompierre-du-Chemin
DOMPIERRE SUR HERY,58420,58026,47.25930,3.53600,0,58,Dompierre-sur-Héry
DOMREMY AUX BOIS,55500,55179,48.74250,5.40830,0,55,Domremy-aux-Bois
DONNEMARIE,52800,52353,48.04190,5.36350,0,52,Donnemarie
DONZY LE NATIONAL,71250,71582,46.46800,4.58510,0,71,Donzy-le-National
DORNOT,57130,57021,49.06450,6.04740,0,57,Dornot
DOUAUMONT,55400,55537,49.21410,5.45180,0,55,Douaumont
DOUCY,73260,73187,45.52610,6.46660,0,73,Doucy
DOUE LA FONTAINE,49700,49125,47.19880,-0.30530,0,49,Doué-la-Fontaine
DOULAIZE,25330,25223,47.01380,5.99860,0,25,Doulaize
DRAIN,49530,49126,47.30420,-1.21350,0,49,Drain
DREUIL LES MOLLIENS,80540,80554,49.87970,2.01410,0,80,Dreuil-lès-Molliens
DRIGNAC,15700,15003,45.16170,2.33410,0,15,Drignac
DROYES,52220,52411,48.47020,4.70620,0,52,Droyes
DUCEY,50220,50168,48.62000,-1.26610,0,50,Ducey
EBEON,17770,17026,45.84470,-0.42590,0,17,Ébéon
EBERBACH WOERTH,67110,67176,48.91120,7.68070,0,67,Eberbach-Wœrth
ECHEMIRE,49150,49018,47.55980,-0.11430,0,49,Échemiré
ECOMAN,41290,41273,47.86810,1.29360,0,41,Écoman
ECOQUENEAUVILLE,50480,50523,49.42050,-1.29670,0,50,Écoquenéauville
ECOS,27630,27213,49.17510,1.57080,0,27,Écos
ECOUCHE,61200,61153,48.72320,-0.13160,0,61,Écouché
ECULLEVILLE,50690,50041,49.65460,-1.82140,0,50,Éculleville
ELAN,08160,08173,49.67180,4.73980,0,08,Élan
EMBOURIE,16240,16253,46.03180,0.00710,0,16,Embourie
ENENCOURT LE SEC,60240,60209,49.29590,1.92900,0,60,Énencourt-le-Sec
ENGUINEGATTE,62145,62295,50.59490,2.28010,0,62,Enguinegatte
ENQUIN LES MINES,62145,62295,50.59490,2.28010,0,62,Enquin-les-Mines
EPERRAIS,61400,61196,48.38410,0.50390,0,61,Eperrais
EPERSY,73410,73010,45.78650,5.91490,0,73,Épersy
EPINANT,52240,52332,47.99750,5.53870,0,52,Épinant
EPINAY,27410,27049,48.98690,0.67010,0,27,Épinay
EPINEUX LE SEGUIN,53340,53017,47.93620,-0.38010,0,53,Épineux-le-Seguin
EPISY,77250,77316,48.35450,2.82330,0,77,Épisy
EQUEURDREVILLE HAINNEVILLE,50470,50129,49.62770,-1.63560,0,50,Équeurdreville-Hainneville
ERIZE LA GRANDE,55260,55442,48.88470,5.24920,0,55,Érize-la-Grande
ESCAUFOURT,59360,59545,50.05260,3.51950,0,59,Escaufourt
ESERY,74930,74220,46.13670,6.26460,0,74,Ésery
ESPARRON LA BATIE,04250,04023,44.32330,6.18320,0,04,Esparron-la-Bâtie
ESQUIBIEN,29770,29003,48.02800,-4.56510,0,29,Esquibien
ESSERVAL COMBE,39250,39329,46.79330,6.05230,0,39,Esserval-Combe
ESSEY LES EAUX,52800,52353,48.04190,5.36350,0,52,Essey-les-Eaux
ESSEY LES PONTS,52120,52114,48.02630,4.94100,0,52,Essey-les-Ponts
ESTABLES,48700,48127,44.65310,3.47620,0,48,Estables
ESTOUCHES,91660,91390,48.32010,2.09630,0,91,Estouches
ESTOUTEVILLE ECALLES,76750,76146,49.58590,1.33940,0,76,Estouteville-Écalles
ESTREES EN CHAUSSEE,80200,80557,49.87830,3.00870,0,80,Estrées-en-Chaussée
ESTRY,14410,14726,48.86190,-0.71730,0,14,Estry
ETABLE,73110,73215,45.46200,6.12530,0,73,Étable
ETABLES SUR MER,22680,22055,48.61670,-2.83720,0,22,Étables-sur-Mer
ETINEHEM,80340,80295,49.92420,2.68540,0,80,Étinehem
ETOUVY,14350,14061,48.96160,-0.84000,0,14,Étouvy
ETREZ,01340,01130,46.32710,5.18220,0,01,Étrez
ETROITEFONTAINE,70110,70031,47.59240,6.51780,0,70,Étroitefontaine
ETUSSON,79150,79280,47.03430,-0.52810,0,79,Étusson
EVAILLE,72120,72128,47.88370,0.62010,0,72,Évaillé
EVIRES,74570,74282,46.00570,6.22750,0,74,Évires
EXMES,61310,61474,48.78510,0.11260,0,61,Exmes
EYLIAC,24640,24026,45.15770,0.88000,0,24,Eyliac
EYVIRAT,24530,24064,45.37560,0.65960,0,24,Eyvirat
FA,11260,11131,42.92630,2.15730,0,11,Fa
FAINS LA FOLIE,28150,28406,48.21080,1.67160,0,28,Fains-la-Folie
FAMILLY,14290,14371,49.00140,0.22310,0,14,Familly
FARGNIERS,02700,02738,49.65620,3.29490,0,02,Fargniers
FARONVILLE,45480,45240,48.21510,2.02150,0,45,Faronville
FAU DE PEYRE,48130,48009,44.69230,3.27300,0,48,Fau-de-Peyre
FAUCOUCOURT,02320,02018,49.51590,3.44260,0,02,Faucoucourt
FAUVILLE EN CAUX,76640,76258,49.65170,0.60390,0,76,Fauville-en-Caux
FAVERAYE MACHELLES,49750,49345,47.27190,-0.53950,0,49,Faveraye-Mâchelles
FAVEROLLES EN BERRY,36600,36244,47.17690,1.42230,0,36,Faverolles-en-Berry
FAYE D ANJOU,49750,49345,47.27190,-0.53950,0,49,Faye-d'Anjou
FEAS,64570,64225,43.15750,-0.69420,0,64,Féas
FEISSONS SUR ISERE,73260,73187,45.52610,6.46660,0,73,Feissons-sur-Isère
FEL,61310,61474,48.78510,0.11260,0,61,Fel
FERVAQUES,14290,14371,49.00140,0.22310,0,14,Fervaques
FEUGUEROLLES SUR SEULLES,14250,14581,49.13380,-0.69930,0,14,Feuguerolles-sur-Seulles
FIERVILLE BRAY,14540,14005,49.08640,-0.19050,0,14,Fierville-Bray
FITILIEU,38490,38001,45.53140,5.58520,0,38,Fitilieu
FLAT,63500,63160,45.57410,3.31100,0,63,Flat
FLAUGNAC,46170,46103,44.28590,1.42550,0,46,Flaugnac
FLEURIGNE,35133,35062,48.34590,-1.09680,0,35,Fleurigné
FLEURIGNY,89260,89414,48.29860,3.38310,0,89,Fleurigny
FLEURY SUR AIRE,55250,55389,49.00620,5.17560,0,55,Fleury-sur-Aire
FLORNOY,52130,52497,48.54730,5.01080,0,52,Flornoy
FLOTTEMANVILLE HAGUE,50690,50041,49.65460,-1.82140,0,50,Flottemanville-Hague
FONTAINE GUERIN,49250,49138,47.45360,-0.16950,0,49,Fontaine-Guérin
FONTAINE LE PUITS,73600,73284,45.46750,6.52620,0,73,Fontaine-le-Puits
FONTAINE MILON,49630,49194,47.47130,-0.27850,0,49,Fontaine-Milon
FONTAINE SOUS MONTAIGUILLON,77560,77262,48.61010,3.49840,0,77,Fontaine-sous-Montaiguillon
FONTANES DU CAUSSE,46240,46138,44.64410,1.60400,0,46,Fontanes-du-Causse
FONTCLAIREAU,16230,16206,45.88740,0.18660,0,16,Fontclaireau
FONTENAI LES LOUVETS,61420,61228,48.51820,-0.01350,0,61,Fontenai-les-Louvets
FONTENAI SUR ORNE,61200,61153,48.72320,-0.13160,0,61,Fontenai-sur-Orne
FONTENAY EN VEXIN,27630,27213,49.17510,1.57080,0,27,Fontenay-en-Vexin
FONTENELLE EN BRIE,02540,02458,48.89170,3.50920,0,02,Fontenelle-en-Brie
FONTENERMONT,14380,14658,48.82970,-1.02800,0,14,Fontenermont
FONTENOUILLES,89120,89086,47.87860,3.10730,0,89,Fontenouilles
FORET LA FOLIE,27630,27213,49.17510,1.57080,0,27,Forêt-la-Folie
FORT MARDYCK,59640,59183,51.01830,2.34310,0,59,Fort-Mardyck
FOUCARVILLE,50480,50523,49.42050,-1.29670,0,50,Foucarville
FOUGERES SUR BIEVRE,41700,41059,47.43270,1.38510,0,41,Fougères-sur-Bièvre
FOULZY,08260,08189,49.85310,4.38420,0,08,Foulzy
FOURGES,27630,27213,49.17510,1.57080,0,27,Fourges
FOURMETOT,27680,27263,49.39090,0.55530,0,27,Fourmetot
FOURNOULES,15600,15181,44.68930,2.26540,0,15,Fournoulès
FOURQUEUX,78112,78551,48.93100,2.10520,0,78,Fourqueux
FOUVENT LE BAS,70600,70247,47.65020,5.66370,0,70,Fouvent-le-Bas
FRANCIN,73800,73151,45.48740,5.98120,0,73,Francin
FREIGNE,44540,44180,47.53490,-1.14140,0,44,Freigné
FRENES,61800,61486,48.72830,-0.73370,0,61,Frênes
FRESNAY EN RETZ,44580,44021,47.03500,-1.90190,0,44,Fresnay-en-Retz
FRESNE L ARCHEVEQUE,27700,27070,49.28910,1.45420,0,27,Fresne-l'Archevêque
FRESNE LES REIMS,51110,51075,49.34880,4.08550,0,51,Fresne-lès-Reims
FRESNEAUX MONTCHEVREUIL,60240,60256,49.29040,1.99290,0,60,Fresneaux-Montchevreuil
FRESNOY EN BASSIGNY,52400,52377,48.02630,5.66080,0,52,Fresnoy-en-Bassigny
FRETIGNY,28480,28331,48.35060,1.00290,0,28,Frétigny
FRETTEMOLLE,80290,80436,49.73000,1.87680,0,80,Frettemolle
FRETTES,70600,70122,47.63100,5.49930,0,70,Frettes
FROIDEVILLE,39230,39577,46.79280,5.48030,0,39,Froideville
FRONTENAY SUR DIVE,86330,86225,46.83860,0.08470,0,86,Frontenay-sur-Dive
GAILLARDBOIS CRESSENVILLE,27440,27294,49.33890,1.38640,0,27,Gaillardbois-Cressenville
GARCELLES SECQUEVILLE,14540,14554,49.08700,-0.28110,0,14,Garcelles-Secqueville
GARDES LE PONTAROUX,16320,16198,45.50870,0.27410,0,16,Gardes-le-Pontaroux
GARENCIERES,27220,27277,48.94250,1.26540,0,27,Garencières
GARROSSE,40110,40197,44.03180,-0.91470,0,40,Garrosse
GATELLES,28170,28386,48.55210,1.25490,0,28,Gâtelles
GAVARNIE,65120,65192,42.75710,-0.00540,0,65,Gavarnie
GAVRAY,50450,50197,48.89030,-1.32440,0,50,Gavray
GEDRE,65120,65192,42.75710,-0.00540,0,65,Gèdre
GEE,49250,49021,47.43740,-0.20630,0,49,Gée
GEISWILLER,67270,67153,48.79180,7.51440,0,67,Geiswiller
GEMAGES,61340,61484,48.28830,0.69870,0,61,Gémages
GENE,49370,49367,47.58900,-0.81780,0,49,Gené
GENESLAY,61410,61096,48.53520,-0.44340,0,61,Geneslay
GENICOURT SOUS CONDE,55000,55123,48.87240,5.17110,0,55,Génicourt-sous-Condé
GENNES SUR GLAIZE,53200,53104,47.86050,-0.58500,0,53,Gennes-sur-Glaize
GENNETEIL,49490,49228,47.51110,0.10270,0,49,Genneteil
GENRUPT,52400,52060,47.94260,5.73840,0,52,Genrupt
GEORFANS,70110,70180,47.52660,6.53840,0,70,Georfans
GERAUVILLIERS,55130,55026,48.54340,5.57810,0,55,Gérauvilliers
GERMIGNONVILLE,28150,28406,48.21080,1.67160,0,28,Germignonville
GERNICOURT,51220,51171,49.37940,3.89200,0,51,Gernicourt
GERROTS,14430,14743,49.17770,-0.00810,0,14,Gerrots
GESTE,49600,49023,47.20280,-0.98440,0,49,Gesté
GIEVILLE,50160,50601,48.99610,-0.97400,0,50,Giéville
GIMBRETT,67370,67034,48.68410,7.63350,0,67,Gimbrett
GINGSHEIM,67270,67539,48.72280,7.61750,0,67,Gingsheim
GIONGES,51190,51612,48.92270,3.97140,0,51,Gionges
GIRMONT,88150,88465,48.24980,6.42440,0,88,Girmont
GIRONVILLE SOUS LES COTES,55200,55258,48.78320,5.71190,0,55,Gironville-sous-les-Côtes
GISAY LA COUDRE,27410,27049,48.98690,0.67010,0,27,Gisay-la-Coudre
GIVARLAIS,03190,03158,46.47520,2.68950,0,03,Givarlais
GLAINANS,25340,25018,47.37690,6.57810,0,25,Glainans
GLENAC,56200,56061,47.76090,-2.13600,0,56,Glénac
GLENNES,02160,02439,49.35550,3.67760,0,02,Glennes
GLICOURT,76910,76618,49.96120,1.23430,0,76,Glicourt
GLOS LA FERRIERE,61550,61167,48.84360,0.49510,0,61,Glos-la-Ferrière
GODISSON,61240,61275,48.69500,0.26690,0,61,Godisson
GONAINCOURT,52150,52064,48.22250,5.61230,0,52,Gonaincourt
GONCOURT,52150,52064,48.22250,5.61230,0,52,Goncourt
GOUCHAUPRE,76910,76618,49.96120,1.23430,0,76,Gouchaupre
GOULET,61150,61194,48.75090,-0.11940,0,61,Goulet
GOULIER,09220,09334,42.77460,1.47350,0,09,Goulier
GOURFALEUR,50750,50546,49.03650,-1.13200,0,50,Gourfaleur
GOURZON,52170,52265,48.54790,5.06500,0,52,Gourzon
GOUY L HOPITAL,80640,80443,49.84060,1.90410,0,80,Gouy-l'Hôpital
GOUZE,64300,64396,43.42510,-0.66060,0,64,Gouze
GOUZOUGNAT,23230,23093,46.19010,2.21930,0,23,Gouzougnat
GRAINVILLE,27440,27294,49.33890,1.38640,0,27,Grainville
GRANCHAIN,27410,27049,48.98690,0.67010,0,27,Granchain
GRAND CASTANG,24150,24260,44.87820,0.77550,0,24,Grand-Castang
GRAND VABRE,12320,12218,44.58170,2.38950,0,12,Grand-Vabre
GRANDCHAMP LE CHATEAU,14370,14431,49.08600,-0.01690,0,14,Grandchamp-le-Château
GRANDE RIVIERE,39150,39258,46.52870,5.90910,0,39,Grande-Rivière
GRANGES DE VIENNEY,25360,25417,47.20790,6.23850,0,25,Granges-de-Vienney
GRANIER,73210,73006,45.56610,6.61190,0,73,Granier
GRENY,76910,76618,49.96120,1.23430,0,76,Greny
GRESIN,73240,73236,45.61020,5.67030,0,73,Gresin
GREUCOURT,70130,70418,47.53810,5.89110,0,70,Greucourt
GREVILLE HAGUE,50690,50041,49.65460,-1.82140,0,50,Gréville-Hague
GREZILLE,49350,49261,47.34240,-0.23520,0,49,Grézillé
GRIESBACH,67110,67176,48.91120,7.68070,0,67,Griesbach
GRIESBACH LE BASTBERG,67330,67061,48.81430,7.46650,0,67,Griesbach-le-Bastberg
GROSLEE,01300,01338,45.70110,5.58230,0,01,Groslée
GRUGE L HOPITAL,49520,49248,47.72320,-1.10860,0,49,Grugé-l'Hôpital
GRUSSE,39190,39576,46.60470,5.46190,0,39,Grusse
GUEHEBERT,50660,50419,48.96800,-1.43220,0,50,Guéhébert
GUEMICOURT,80430,80703,49.82520,1.74520,0,80,Guémicourt
GUERCHY,89113,89196,47.90250,3.43440,0,89,Guerchy
GUEYTES ET LABASTIDE,11230,11080,43.07470,1.98990,0,11,Gueytes-et-Labastide
GUEYZE,47170,47302,44.06280,0.13030,0,47,Gueyze
GUIBERMESNIL,80430,80456,49.82230,1.80340,0,80,Guibermesnil
GUIGNICOURT,02190,02360,49.44090,3.97440,0,02,Guignicourt
GUIGNONVILLE,45480,45160,48.19360,2.11550,0,45,Guignonville
GUILBERVILLE,50160,50601,48.99610,-0.97400,0,50,Guilberville
GUILLON,89420,89197,47.52430,4.07010,0,89,Guillon
GUILMECOURT,76910,76618,49.96120,1.23430,0,76,Guilmécourt
GUIPRONVEL,29290,29076,48.47070,-4.56390,0,29,Guipronvel
GUITRY,27630,27213,49.17510,1.57080,0,27,Guitry
HADONVILLE LES LACHAUSSEE,55210,55267,49.03220,5.79840,0,55,Hadonville-lès-Lachaussée
HALEINE,61410,61096,48.53520,-0.44340,0,61,Haleine
HALLING LES BOULAY,57220,57097,49.17490,6.49650,0,57,Halling-lès-Boulay
HAMARS,14220,14689,48.98710,-0.52220,0,14,Hamars
HARAUMONT,55110,55571,49.33970,5.25130,0,55,Haraumont
HARDIVILLERS EN VEXIN,60240,60209,49.29590,1.92900,0,60,Hardivillers-en-Vexin
HARGEVILLE SUR CHEE,55000,55123,48.87240,5.17110,0,55,Hargeville-sur-Chée
HARMEVILLE,52230,52288,48.42620,5.39790,0,52,Harméville
HARSAULT,88240,88029,48.01700,6.25430,0,88,Harsault
HATTONCHATEL,55210,55551,48.98630,5.73460,0,55,Hattonchâtel
HATTONVILLE,55210,55551,48.98630,5.73460,0,55,Hattonville
HAUCOURT LA RIGOLE,55230,55500,49.33590,5.69250,0,55,Haucourt-la-Rigole
HAUMONT LES LACHAUSSEE,55210,55267,49.03220,5.79840,0,55,Haumont-lès-Lachaussée
HAUTECOURT LES BROVILLE,55400,55002,49.19980,5.54690,0,55,Hautecourt-lès-Broville
HAUTERIVE LA FRESSE,25650,25390,46.99850,6.46520,0,25,Hauterive-la-Fresse
HAUTEVILLE LOMPNES,01110,01185,45.93050,5.57750,0,01,Hauteville-Lompnes
HAUTMOUGEY,88240,88029,48.01700,6.25430,0,88,Hautmougey
HEBECREVON,50570,50239,49.13060,-1.19260,0,50,Hébécrevon
HELLEMMES LILLE,59800,59350,50.63110,3.04680,0,59,Hellemmes-Lille
HENGOAT,22450,22264,48.73040,-3.23000,0,22,Hengoat
HERBELLES,62129,62471,50.66180,2.22910,0,62,Herbelles
HERENGUERVILLE,50660,50419,48.96800,-1.43220,0,50,Hérenguerville
HERMERSWILLER,67250,67206,48.93000,7.92780,0,67,Hermerswiller
HERMILLON,73300,73135,45.31130,6.36360,0,73,Hermillon
HESDIN,62140,62447,50.37840,2.02470,0,62,Hesdin
HEUGON,61550,61167,48.84360,0.49510,0,61,Heugon
HEUILLEY COTTON,52600,52529,47.74350,5.31960,0,52,Heuilley-Cotton
HEURTEVENT,14290,14371,49.00140,0.22310,0,14,Heurtevent
HEUSSE,50640,50591,48.55090,-0.88900,0,50,Heussé
HIERS BROUAGE,17320,17219,45.83280,-1.07020,0,17,Hiers-Brouage
HIEVILLE,14170,14654,48.98730,0.02520,0,14,Hiéville
HOCQUINCOURT,80490,80406,49.99660,1.88210,0,80,Hocquincourt
HOHATZENHEIM,67270,67539,48.72280,7.61750,0,67,Hohatzenheim
HOHWILLER,67250,67474,48.95090,7.87050,0,67,Hohwiller
HOLTZWIHR,68320,68143,48.12120,7.42690,0,68,Holtzwihr
HOSTIAZ,01110,01185,45.93050,5.57750,0,01,Hostiaz
HOUDELAUCOURT SUR OTHAIN,55230,55500,49.33590,5.69250,0,55,Houdelaucourt-sur-Othain
HOUESVILLE,50620,50099,49.30610,-1.21180,0,50,Houesville
HOULBEC PRES LE GROS THEIL,27520,27062,49.27340,0.83080,0,27,Houlbec-près-le-Gros-Theil
HUBERT FOLIE,14540,14538,49.10920,-0.30530,0,14,Hubert-Folie
HUBY SAINT LEU,62140,62447,50.37840,2.02470,0,62,Huby-Saint-Leu
HUILLE,49430,49174,47.65120,-0.29340,0,49,Huillé
HUPPAIN,14520,14515,49.33870,-0.77270,0,14,Huppain
HUSSON,50640,50591,48.55090,-0.88900,0,50,Husson
HYENCOURT LE GRAND,80320,80621,49.80810,2.85870,0,80,Hyencourt-le-Grand
HYENVILLE,50660,50419,48.96800,-1.43220,0,50,Hyenville
ILHAN,65590,65099,42.86880,0.42160,0,65,Ilhan
IMBSHEIM,67330,67061,48.81430,7.46650,0,67,Imbsheim
INGHEM,62129,62471,50.66180,2.22910,0,62,Inghem
INTRAVILLE,76910,76618,49.96120,1.23430,0,76,Intraville
IRMSTETT,67310,67442,48.58930,7.49050,0,67,Irmstett
ITHOROTS OLHAIBY,64120,64049,43.31250,-0.92900,0,64,Ithorots-Olhaïby
IZY,45480,45025,48.16530,2.06630,0,45,Izy
JALLAIS,49600,49023,47.20280,-0.98440,0,49,Jallais
JARNIOUX,69640,69114,45.96280,4.65090,0,69,Jarnioux
JARZE,49140,49163,47.56060,-0.25630,0,49,Jarzé
JAUNAY CLAN,86380,86115,46.72740,0.36420,0,86,Jaunay-Clan
JAVOLS,48130,48009,44.69230,3.27300,0,48,Javols
JEANSAGNIERE,42920,42039,45.70320,3.83370,0,42,Jeansagnière
JOBOURG,50690,50041,49.65460,-1.82140,0,50,Jobourg
JONQUERETS DE LIVET,27410,27049,48.98690,0.67010,0,27,Jonquerets-de-Livet
JORQUENAY,52200,52246,47.90270,5.30220,0,52,Jorquenay
JUBECOURT,55120,55117,49.12020,5.09250,0,55,Jubécourt
JUIGNE SUR LOIRE,49610,49167,47.38510,-0.47270,0,49,Juigné-sur-Loire
JURQUES,14260,14347,49.00290,-0.74440,0,14,Jurques
JUVIGNY LE TERTRE,50520,50260,48.67900,-1.01610,0,50,Juvigny-le-Tertre
JUVIGNY SOUS ANDAINE,61330,61211,48.52690,-0.52050,0,61,Juvigny-sous-Andaine
KAYSERSBERG,68240,68162,48.15470,7.27600,0,68,Kaysersberg
KERNEVEL,29140,29241,47.95040,-3.82260,0,29,Kernével
KIENTZHEIM,68240,68162,48.15470,7.27600,0,68,Kientzheim
KLEINFRANKENHEIM,67370,67452,48.65770,7.57070,0,67,Kleinfrankenheim
KUHLENDORF,67660,67339,48.89370,7.93350,0,67,Kuhlendorf
L AIGUILLON SUR MER,85460,85001,46.31000,-1.28010,0,85,L'Aiguillon-sur-Mer
L EPINAY LE COMTE,61350,61324,48.48860,-0.76870,0,61,L'Épinay-le-Comte
L HERMITAGE LORGE,22150,22203,48.33530,-2.81720,0,22,L'Hermitage-Lorge
L HERMITIERE,61340,61484,48.28830,0.69870,0,61,L'Hermitière
L HOPITAL SOUS ROCHEFORT,42130,42084,45.77750,3.91860,0,42,L'Hôpital-sous-Rochefort
L HOTELLERIE DE FLEE,49520,49331,47.71110,-0.85400,0,49,L'Hôtellerie-de-Flée
L OUDON,14170,14654,48.98730,0.02520,0,14,L'Oudon
LA BAROCHE SOUS LUCE,61330,61211,48.52690,-0.52050,0,61,La Baroche-sous-Lucé
LA BARRE EN OUCHE,27410,27049,48.98690,0.67010,0,27,La Barre-en-Ouche
LA BASTIDE L EVEQUE,12240,12021,44.30560,2.13690,0,12,La Bastide-l'Évêque
LA BATAILLE,79110,79083,46.11820,-0.09660,0,79,La Bataille
LA BATIE DIVISIN,38490,38001,45.53140,5.58520,0,38,La Bâtie-Divisin
LA BENATE,17400,17277,45.99580,-0.54120,0,17,La Benâte
LA BERNARDIERE,85610,85076,47.04740,-1.25740,0,85,La Bernardière
LA BESLIERE,50320,50188,48.82010,-1.41910,0,50,La Beslière
LA BIGNE,14310,14579,49.03170,-0.69750,0,14,La Bigne
LA BOHALLE,49800,49307,47.46950,-0.37340,0,49,La Bohalle
LA BOISSIERE D ANS,24640,24147,45.23250,0.96230,0,24,La Boissière-d'Ans
LA BOISSIERE SUR EVRE,49600,49218,47.24940,-1.02040,0,49,La Boissière-sur-Èvre
LA BREOLE,04340,04033,44.44470,6.31900,0,04,La Bréole
LA BREVIERE,14140,14576,48.95700,0.16210,0,14,La Brévière
LA CARNEILLE,61430,61007,48.79340,-0.46210,0,61,La Carneille
LA CELLE SOUS MONTMIRAIL,02540,02458,48.89170,3.50920,0,02,La Celle-sous-Montmirail
LA CHAPELLE AUX LYS,85120,85289,46.64670,-0.69200,0,85,La Chapelle-aux-Lys
LA CHAPELLE BASSE MER,44450,44029,47.27890,-1.33860,0,44,La Chapelle-Basse-Mer
LA CHAPELLE CARO,56800,56197,47.86940,-2.42500,0,56,La Chapelle-Caro
LA CHAPELLE D ANDAINE,61410,61096,48.53520,-0.44340,0,61,La Chapelle-d'Andaine
LA CHAPELLE DE MARDORE,69240,69248,46.05050,4.31090,0,69,La Chapelle-de-Mardore
LA CHAPELLE DU GENET,49600,49023,47.20280,-0.98440,0,49,La Chapelle-du-Genêt
LA CHAPELLE EN JUGER,50570,50239,49.13060,-1.19260,0,50,La Chapelle-en-Juger
LA CHAPELLE ENGERBOLD,14770,14174,48.88520,-0.57790,0,14,La Chapelle-Engerbold
LA CHAPELLE GACELINE,56200,56061,47.76090,-2.13600,0,56,La Chapelle-Gaceline
LA CHAPELLE GAUDIN,79300,79013,46.97210,-0.41640,0,79,La Chapelle-Gaudin
LA CHAPELLE GAUGAIN,72340,72262,47.78490,0.64780,0,72,La Chapelle-Gaugain
LA CHAPELLE HAUTE GRUE,14140,14576,48.95700,0.16210,0,14,La Chapelle-Haute-Grue
LA CHAPELLE HULLIN,49520,49248,47.72320,-1.10860,0,49,La Chapelle-Hullin
LA CHAPELLE JANSON,35133,35062,48.34590,-1.09680,0,35,La Chapelle-Janson
LA CHAPELLE LARGEAU,79700,79079,46.94300,-0.75650,0,79,La Chapelle-Largeau
LA CHAPELLE MONTHODON,02330,02053,49.00090,3.62030,0,02,La Chapelle-Monthodon
LA CHAPELLE PECHAUD,24250,24086,44.80200,1.12920,0,24,La Chapelle-Péchaud
LA CHAPELLE ROUSSELIN,49750,49092,47.22110,-0.69640,0,49,La Chapelle-Rousselin
LA CHAPELLE SAINT ETIENNE,79380,79179,46.70970,-0.59270,0,79,La Chapelle-Saint-Étienne
LA CHAPELLE SAINT FLORENT,49620,49244,47.34350,-0.93510,0,49,La Chapelle-Saint-Florent
LA CHAPELLE SUR OUDON,49520,49331,47.71110,-0.85400,0,49,La Chapelle-sur-Oudon
LA CHAPELLE THIREUIL,79160,79077,46.57020,-0.52390,0,79,La Chapelle-Thireuil
LA CHAPELLE YVON,14290,14570,49.06140,0.33360,0,14,La Chapelle-Yvon
LA CHAUSSAIRE,49600,49218,47.24940,-1.02040,0,49,La Chaussaire
LA CHAZE DE PEYRE,48130,48009,44.69230,3.27300,0,48,La Chaze-de-Peyre
LA CLAYE,85320,85036,46.49170,-1.26240,0,85,La Claye
LA COCHERE,61310,61474,48.78510,0.11260,0,61,La Cochère
LA CORNUAILLE,49440,49183,47.50490,-0.93740,0,49,La Cornuaille
LA COTE D AIME,73210,73150,45.56840,6.70300,0,73,La Côte-d'Aime
LA COUARDE,79800,79217,46.31640,-0.17030,0,79,La Couarde
LA COUDRE,79300,79013,46.97210,-0.41640,0,79,La Coudre
LA COURBE,61200,61153,48.72320,-0.13160,0,61,La Courbe
LA CROIX AVRANCHIN,50240,50487,48.52090,-1.36380,0,50,La Croix-Avranchin
LA CROUPTE,14290,14371,49.00140,0.22310,0,14,La Croupte
LA CULA,42800,42225,45.53950,4.57500,0,42,La Cula
LA DAGUENIERE,49800,49307,47.46950,-0.37340,0,49,La Daguenière
LA FAUTE SUR MER,85460,85001,46.31000,-1.28010,0,85,La Faute-sur-Mer
LA FERRIERE DE FLEE,49520,49331,47.71110,-0.85400,0,49,La Ferrière-de-Flée
LA FERRIERE HARANG,14350,14061,48.96160,-0.84000,0,14,La Ferrière-Harang
LA FERTE FRENEL,61550,61167,48.84360,0.49510,0,61,La Ferté-Frênel
LA FLOCELLIERE,85700,85090,46.84050,-0.85110,0,85,La Flocellière
LA FORET AUVRAY,61210,61339,48.77110,-0.28890,0,61,La Forêt-Auvray
LA FOSSE DE TIGNE,49560,49373,47.15040,-0.46180,0,49,La Fosse-de-Tigné
LA FREDIERE,17770,17344,45.85610,-0.54970,0,17,La Frédière
LA FRESNAYE AU SAUVAGE,61210,61339,48.77110,-0.28890,0,61,La Fresnaye-au-Sauvage
LA FRESNAYE SUR CHEDOUET,72610,72137,48.43030,0.23650,0,72,La Fresnaye-sur-Chédouet
LA GENEVRAIE,61240,61275,48.69500,0.26690,0,61,La Genevraie
LA GLACERIE,50470,50129,49.62770,-1.63560,0,50,La Glacerie
LA GONTERIE BOULOUNEIX,24530,24064,45.37560,0.65960,0,24,La Gonterie-Boulouneix
LA GRAVERIE,14350,14061,48.96160,-0.84000,0,14,La Graverie
LA GUEROULDE,27160,27112,48.82390,0.89010,0,27,La Guéroulde
LA GUYONNIERE,85600,85146,46.97410,-1.29230,0,85,La Guyonnière
LA HARDOYE,08220,08366,49.69820,4.24370,0,08,La Hardoye
LA HAUTE CHAPELLE,61700,61145,48.58660,-0.65540,0,61,La Haute-Chapelle
LA HAYE DU PUITS,50580,50236,49.28730,-1.59660,0,50,La Haye-du-Puits
LA JUBAUDIERE,49600,49023,47.20280,-0.98440,0,49,La Jubaudière
LA JUMELLIERE,49750,49092,47.22110,-0.69640,0,49,La Jumellière
LA LANDE SUR DROME,14350,14672,49.05720,-0.82950,0,14,La Lande-sur-Drôme
LA LANDE SUR EURE,61290,61230,48.54190,0.80330,0,61,La Lande-sur-Eure
LA LONGEVILLE,25650,25390,46.99850,6.46520,0,25,La Longeville
LA MAILLERAYE SUR SEINE,76940,76401,49.46540,0.74920,0,76,La Mailleraye-sur-Seine
LA MANCELLIERE,50540,50256,48.62360,-1.17980,0,50,La Mancellière
LA MANCELLIERE SUR VIRE,50750,50546,49.03650,-1.13200,0,50,La Mancellière-sur-Vire
LA MEIGNANNE,49770,49200,47.55230,-0.67970,0,49,La Meignanne
LA MEMBROLLE SUR LONGUENEE,49770,49200,47.55230,-0.67970,0,49,La Membrolle-sur-Longuenée
LA MONCELLE,08140,08053,49.71430,5.02690,0,08,La Moncelle
LA MOTTE DE GALAURE,26240,26216,45.20790,4.91140,0,26,La Motte-de-Galaure
LA MOUILLE,39400,39368,46.51650,6.00020,0,39,La Mouille
LA NEUVILLE GARNIER,60390,60694,49.33860,2.03650,0,60,La Neuville-Garnier
LA PERRIERE,61400,61196,48.38410,0.50390,0,61,La Perrière
LA PERUSE,16270,16192,45.88740,0.58300,0,16,La Péruse
LA POITEVINIERE,49600,49023,47.20280,-0.98440,0,49,La Poitevinière
LA POMMERAIE SUR SEVRE,85700,85090,46.84050,-0.85110,0,85,La Pommeraie-sur-Sèvre
LA POTERIE AU PERCHE,61190,61491,48.60650,0.63210,0,61,La Poterie-au-Perche
LA POUEZE,49370,49367,47.58900,-0.81780,0,49,La Pouëze
LA PREVIERE,49520,49248,47.72320,-1.10860,0,49,La Prévière
LA RENAUDIERE,49710,49301,47.08780,-1.09680,0,49,La Renaudière
LA ROCHE DERRIEN,22450,22264,48.73040,-3.23000,0,22,La Roche-Derrien
LA ROCHEFOUCAULD,16110,16281,45.73600,0.35830,0,16,La Rochefoucauld
LA ROCHELLE NORMANDE,50530,50565,48.74480,-1.44410,0,50,La Rochelle-Normande
LA ROCQUE,14410,14726,48.86190,-0.71730,0,14,La Rocque
LA RONDE HAYE,50490,50550,49.13420,-1.41170,0,50,La Ronde-Haye
LA ROUGE,61340,61484,48.28830,0.69870,0,61,La Rouge
LA ROUSSIERE,27410,27049,48.98690,0.67010,0,27,La Roussière
LA ROUXIERE,44370,44213,47.43520,-1.03190,0,44,La Rouxière
LA SALLE DE VIHIERS,49750,49092,47.22110,-0.69640,0,49,La Salle-de-Vihiers
LA SALLE ET CHAPELLE AUBRY,49600,49218,47.24940,-1.02040,0,49,La Salle-et-Chapelle-Aubry
LA SAUVAGERE,61600,61463,48.61290,-0.42590,0,61,La Sauvagère
LA SELLE EN COGLES,35460,35191,48.45230,-1.34030,0,35,La Selle-en-Coglès
LA TARDIERE,85120,85289,46.64670,-0.69200,0,85,La Tardière
LA TOUR BLANCHE,24320,24554,45.36900,0.45080,0,24,La Tour-Blanche
LA TOURLANDRY,49750,49092,47.22110,-0.69640,0,49,La Tourlandry
LA VACQUERIE,14240,14143,49.11300,-0.80530,0,14,La Vacquerie
LA VARENNE,49530,49126,47.30420,-1.21350,0,49,La Varenne
LA VERRIE,85500,85302,46.94680,-0.98570,0,85,La Verrie
LA VILLE AUX NONAINS,28250,28373,48.55840,1.01440,0,28,La Ville-aux-Nonains
LA VILLOTTE,89130,89472,47.78150,3.22180,0,89,La Villotte
LA VINEUSE,71250,71582,46.46800,4.58510,0,71,La Vineuse
LABARRERE,32440,32079,43.95440,0.10970,0,32,Labarrère
LABASTIDE DENAT,81990,81218,43.88090,2.18360,0,81,Labastide-Dénat
LABASTIDE MURAT,46240,46138,44.64410,1.60400,0,46,Labastide-Murat
LABOISSIERE SAINT MARTIN,80430,80456,49.82230,1.80340,0,80,Laboissière-Saint-Martin
LABOUQUERIE,24440,24028,44.73870,0.75520,0,24,Labouquerie
LABROSSE,45330,45191,48.27450,2.33920,0,45,Labrosse
LABUISSIERE,62700,62178,50.48910,2.55050,0,62,Labuissière
LACAM D OURCET,46190,46311,44.90010,2.03400,0,46,Lacam-d'Ourcet
LACHAMP,48700,48126,44.62750,3.38490,0,48,Lachamp
LADUZ,89113,89196,47.90250,3.43440,0,89,Laduz
LAGARDE ENVAL,19150,19098,45.19040,1.82550,0,19,Lagarde-Enval
LAGRAULAS,32190,32462,43.76620,0.29030,0,32,Lagraulas
LAGUENNE,19150,19101,45.24750,1.80650,0,19,Laguenne
LAHARMAND,52000,52251,48.14960,5.07230,0,52,Laharmand
LAHAYE SAINT ROMAIN,80290,80630,49.74740,1.97810,0,80,Lahaye-Saint-Romain
LAIGNE,53200,53124,47.82120,-0.82730,0,53,Laigné
LAINS,39320,39273,46.37930,5.48250,0,39,Lains
LAIZE LA VILLE,14320,14349,49.08120,-0.39630,0,14,Laize-la-Ville
LALLEYRIAT,01130,01204,46.13920,5.69550,0,01,Lalleyriat
LAMARCHE EN WOEVRE,55210,55386,48.93670,5.76180,0,55,Lamarche-en-Woëvre
LAMARGELLE AUX BOIS,52160,52094,47.69050,5.08680,0,52,Lamargelle-aux-Bois
LAMATIVIE,46190,46311,44.90010,2.03400,0,46,Lamativie
LAMBALLE,22400,22093,48.48590,-2.52010,0,22,Lamballe
LAMERAC,16300,16224,45.44040,-0.21690,0,16,Lamérac
LAMOTHE EN BLAISY,52330,52140,48.24180,4.92400,0,52,Lamothe-en-Blaisy
LANCRANS,01200,01033,46.12340,5.79440,0,01,Lancrans
LANDEMONT,49530,49126,47.30420,-1.21350,0,49,Landemont
LANDEPEREUSE,27410,27049,48.98690,0.67010,0,27,Landepéreuse
LANDEVILLE,52270,52173,48.35790,5.25770,0,52,Landéville
LANDONVILLERS,57530,57155,49.12060,6.39460,0,57,Landonvillers
LANEUVILLE AU BOIS,52230,52288,48.42620,5.39790,0,52,Laneuville-au-Bois
LANGAST,22150,22219,48.28020,-2.69330,0,22,Langast
LANGOURLA,22330,22046,48.28370,-2.51440,0,22,Langourla
LANHELIN,35720,35308,48.46390,-1.87600,0,35,Lanhélin
LANISCAT,22570,22107,48.21470,-3.11610,0,22,Laniscat
LANOUEE,56120,56102,48.01440,-2.57810,0,56,Lanouée
LANSLEBOURG MONT CENIS,73500,73290,45.27640,6.89160,0,73,Lanslebourg-Mont-Cenis
LANSLEVILLARD,73500,73290,45.27640,6.89160,0,73,Lanslevillard
LAPANOUSE,12150,12270,44.31380,3.02940,0,12,Lapanouse
LAROQUE DES ARCS,46090,46156,44.50820,1.50410,0,46,Laroque-des-Arcs
LASCABANES,46800,46262,44.31250,1.26840,0,46,Lascabanes
LAVAL ATGER,48600,48139,44.81050,3.70960,0,48,Laval-Atger
LAVASTRIE,15260,15142,44.93600,2.97670,0,15,Lavastrie
LAVENAY,72340,72262,47.78490,0.64780,0,72,Lavenay
LAVERNHE,12150,12270,44.31380,3.02940,0,12,Lavernhe
LAVEYSSIERE,24140,24259,44.93550,0.48360,0,24,Laveyssière
LAVIGNEVILLE,55300,55274,48.96250,5.60000,0,55,Lavignéville
LAVILLENEUVE AUX FRESNES,52330,52140,48.24180,4.92400,0,52,Lavilleneuve-aux-Fresnes
LE BENY BOCAGE,14350,14061,48.96160,-0.84000,0,14,Le Bény-Bocage
LE BEUGNON,79160,79077,46.57020,-0.52390,0,79,Le Beugnon
LE BLEYMARD,48250,48027,44.50990,3.74900,0,48,Le Bleymard
LE BOIS,73260,73003,45.51510,6.51620,0,73,Le Bois
LE BOIS D OINGT,69620,69024,45.93860,4.56680,0,69,Le Bois-d'Oingt
LE BOULVE,46800,46033,44.41400,1.13540,0,46,Le Boulvé
LE BOURG D IRE,49520,49331,47.71110,-0.85400,0,49,Le Bourg-d'Iré
LE BOURG SAINT LEONARD,61310,61474,48.78510,0.11260,0,61,Le Bourg-Saint-Léonard
LE BREUIL BERNARD,79380,79179,46.70970,-0.59270,0,79,Le Breuil-Bernard
LE BREUIL SOUS ARGENTON,79300,79013,46.97210,-0.41640,0,79,Le Breuil-sous-Argenton
LE CAMBOUT,22210,22241,48.09570,-2.58850,0,22,Le Cambout
LE CHANGE,24640,24026,45.15770,0.88000,0,24,Le Change
LE CHATEL,73300,73135,45.31130,6.36360,0,73,Le Châtel
LE CHEFRESNE,50410,50393,48.91740,-1.19390,0,50,Le Chefresne
LE CHESNAY,78150,78158,48.82850,2.11880,0,78,Le Chesnay
LE CHESNE,08400,08116,49.51460,4.75940,0,08,Le Chesne
LE CHEVAIN,72610,72308,48.41670,0.12500,0,72,Le Chevain
LE DESERT,14410,14726,48.86190,-0.71730,0,14,Le Désert
LE FIEF SAUVIN,49600,49218,47.24940,-1.02040,0,49,Le Fief-Sauvin
LE FOSSE,76440,76276,49.61040,1.56440,0,76,Le Fossé
LE FRESNE SUR LOIRE,49123,49160,47.43190,-0.93230,0,49,Le Fresne-sur-Loire
LE FUILET,49600,49218,47.24940,-1.02040,0,49,Le Fuilet
LE GAST,14380,14658,48.82970,-1.02800,0,14,Le Gast
LE GOURAY,22330,22046,48.28370,-2.51440,0,22,Le Gouray
LE GUE DE LA CHAINE,61400,61196,48.38410,0.50390,0,61,Le Gué-de-la-Chaîne
LE GUEDENIAU,49150,49018,47.55980,-0.11430,0,49,Le Guédeniau
LE HERON,76780,76455,49.49000,1.41200,0,76,Le Héron
LE LOCHEUR,14310,14475,49.11110,-0.57000,0,14,Le Locheur
LE LONGERON,49710,49301,47.08780,-1.09680,0,49,Le Longeron
LE LOUROUX BECONNAIS,49440,49183,47.50490,-0.93740,0,49,Le Louroux-Béconnais
LE MARILLAIS,49620,49244,47.34350,-0.93510,0,49,Le Marillais
LE MASSEGROS,48500,48094,44.30800,3.20550,0,48,Le Massegros
LE MERLERAULT,61240,61275,48.69500,0.26690,0,61,Le Merlerault
LE MESNIL AMAND,50450,50197,48.89030,-1.32440,0,50,Le Mesnil-Amand
LE MESNIL AUZOUF,14260,14347,49.00290,-0.74440,0,14,Le Mesnil-Auzouf
LE MESNIL BACLEY,14290,14371,49.00140,0.22310,0,14,Le Mesnil-Bacley
LE MESNIL BENOIST,14380,14658,48.82970,-1.02800,0,14,Le Mesnil-Benoist
LE MESNIL BOEUFS,50540,50256,48.62360,-1.17980,0,50,Le Mesnil-Bœufs
LE MESNIL CAUSSOIS,14380,14658,48.82970,-1.02800,0,14,Le Mesnil-Caussois
LE MESNIL DREY,50320,50188,48.82010,-1.41910,0,50,Le Mesnil-Drey
LE MESNIL DURAND,14290,14371,49.00140,0.22310,0,14,Le Mesnil-Durand
LE MESNIL EN VALLEE,49620,49244,47.34350,-0.93510,0,49,Le Mesnil-en-Vallée
LE MESNIL GERMAIN,14290,14371,49.00140,0.22310,0,14,Le Mesnil-Germain
LE MESNIL HERMAN,50750,50546,49.03650,-1.13200,0,50,Le Mesnil-Herman
LE MESNIL MAUGER,14370,14431,49.08600,-0.01690,0,14,Le Mesnil-Mauger
LE MESNIL OPAC,50860,50363,48.99550,-1.13540,0,50,Le Mesnil-Opac
LE MESNIL PATRY,14740,14098,49.19630,-0.53980,0,14,Le Mesnil-Patry
LE MESNIL RAINFRAY,50520,50260,48.67900,-1.01610,0,50,Le Mesnil-Rainfray
LE MESNIL ROGUES,50450,50197,48.89030,-1.32440,0,50,Le Mesnil-Rogues
LE MESNIL THEBAULT,50540,50256,48.62360,-1.17980,0,50,Le Mesnil-Thébault
LE MESNIL TOVE,50520,50260,48.67900,-1.01610,0,50,Le Mesnil-Tôve
LE MESNILBUS,50490,50550,49.13420,-1.41170,0,50,Le Mesnilbus
LE MONASTIER PIN MORIES,48100,48099,44.53230,3.23170,0,48,Le Monastier-Pin-Moriès
LE PERIER,38740,38073,44.96060,5.97940,0,38,Le Périer
LE PETIT MERCEY,39700,39190,47.17670,5.74530,0,39,Le Petit-Mercey
LE PIN EN MAUGES,49600,49023,47.20280,-0.98440,0,49,Le Pin-en-Mauges
LE PLESSIS GRIMOULT,14770,14027,48.99080,-0.65450,0,14,Le Plessis-Grimoult
LE PLESSIS MACE,49770,49200,47.55230,-0.67970,0,49,Le Plessis-Macé
LE POIL,04330,04204,43.92290,6.36450,0,04,Le Poil
LE POIRE SUR VELLUIRE,85770,85177,46.41520,-0.90400,0,85,Le Poiré-sur-Velluire
LE POIZAT,01130,01204,46.13920,5.69550,0,01,Le Poizat
LE PONT DE MONTVERT,48220,48116,44.36840,3.77770,0,48,Le Pont-de-Montvert
LE PONT DE PLANCHES,70130,70418,47.53810,5.89110,0,70,Le Pont-de-Planches
LE PONTHOU,29650,29199,48.57180,-3.72260,0,29,Le Ponthou
LE PUISET,28310,28199,48.19980,1.84740,0,28,Le Puiset
LE PUISET DORE,49600,49218,47.24940,-1.02040,0,49,Le Puiset-Doré
LE PUITS DES MEZES,52340,52050,48.11190,5.28960,0,52,Le Puits-des-Mèzes
LE PUY SAINT BONNET,49300,49099,47.03580,-0.87500,0,49,Le Puy-Saint-Bonnet
LE RECOUX,48500,48094,44.30800,3.20550,0,48,Le Recoux
LE RECULEY,14350,14061,48.96160,-0.84000,0,14,Le Reculey
LE ROC SAINT ANDRE,56800,56197,47.86940,-2.42500,0,56,Le Roc-Saint-André
LE ROUGET,15290,15268,44.88400,2.23510,0,15,Le Rouget
LE ROUSSET,71220,71279,46.57010,4.43390,0,71,Le Rousset
LE SAP,61470,61460,48.88680,0.31960,0,61,Le Sap
LE THEIL BOCAGE,14410,14726,48.86190,-0.71730,0,14,Le Theil-Bocage
LE THOUREIL,49350,49261,47.34240,-0.23520,0,49,Le Thoureil
LE TOURNEUR,14350,14061,48.96160,-0.84000,0,14,Le Tourneur
LE TRAVET,81120,81233,43.80810,2.26930,0,81,Le Travet
LE TREMBLAY,49520,49248,47.72320,-1.10860,0,49,Le Tremblay
LE VALDECIE,50260,50082,49.46210,-1.66280,0,50,Le Valdécie
LE VIEIL BAUGE,49150,49018,47.55980,-0.11430,0,49,Le Vieil-Baugé
LE VILLARD,48230,48039,44.45490,3.34620,0,48,Le Villard
LE VOIDE,49560,49373,47.15040,-0.46180,0,49,Le Voide
LE VRETOT,50260,50082,49.46210,-1.66280,0,50,Le Vrétot
LECAUDE,14370,14431,49.08600,-0.01690,0,14,Lécaude
LECOURT,52240,52332,47.99750,5.53870,0,52,Lécourt
LEFFOND,70600,70122,47.63100,5.49930,0,70,Leffond
LEGUILLAC DE CERCLES,24340,24253,45.44760,0.51070,0,24,Léguillac-de-Cercles
LEHON,22100,22050,48.44710,-2.05330,0,22,Léhon
LEITERSWILLER,67250,67206,48.93000,7.92780,0,67,Leiterswiller
LEMPIRE AUX BOIS,55100,55276,49.09540,5.33170,0,55,Lempire-aux-Bois
LENAULT,14770,14174,48.88520,-0.57790,0,14,Lénault
LENDRESSE,64300,64396,43.42510,-0.66060,0,64,Lendresse
LENIZEUL,52240,52332,47.99750,5.53870,0,52,Lénizeul
LES ABRETS,38490,38001,45.53140,5.58520,0,38,Les Abrets
LES ALLEUDS,49320,49050,47.33920,-0.40870,0,49,Les Alleuds
LES ALLEUX,08400,08116,49.51460,4.75940,0,08,Les Alleux
LES AUTELS SAINT BAZILE,14290,14371,49.00140,0.22310,0,14,Les Autels-Saint-Bazile
LES AUTHIEUX DU PUITS,61240,61275,48.69500,0.26690,0,61,Les Authieux-du-Puits
LES AUTHIEUX PAPION,14370,14431,49.08600,-0.01690,0,14,Les Authieux-Papion
LES AVENIERES,38630,38022,45.64130,5.55670,0,38,Les Avenières
LES BIARDS,50540,50256,48.62360,-1.17980,0,50,Les Biards
LES BORDES SUR LEZ,09800,09062,42.84720,1.03840,0,09,Les Bordes-sur-Lez
LES CERQUEUX SOUS PASSAVANT,49560,49373,47.15040,-0.46180,0,49,Les Cerqueux-sous-Passavant
LES CHATELLIERS CHATEAUMUR,85700,85090,46.84050,-0.85110,0,85,Les Châtelliers-Châteaumur
LES CHERIS,50220,50168,48.62000,-1.26610,0,50,Les Chéris
LES CLOUZEAUX,85430,85008,46.61230,-1.47940,0,85,Les Clouzeaux
LES EYZIES DE TAYAC SIREUIL,24620,24172,44.93960,1.03520,0,24,Les Eyzies-de-Tayac-Sireuil
LES FONTENIS,70190,70447,47.44360,6.08280,0,70,Les Fontenis
LES GRAULGES,24340,24253,45.44760,0.51070,0,24,Les Graulges
LES JUMEAUX,79600,79016,46.78460,-0.06920,0,79,Les Jumeaux
LES MARATS,55000,55123,48.87240,5.17110,0,55,Les Marats
LES MARCHES,73800,73151,45.48740,5.98120,0,73,Les Marches
LES MOERES,59254,59260,51.03310,2.52130,0,59,Les Moëres
LES MOUTIERS HUBERT,14290,14371,49.00140,0.22310,0,14,Les Moutiers-Hubert
LES OLLIERES,74570,74282,46.00570,6.22750,0,74,Les Ollières
LES OLMES,69490,69157,45.88860,4.49480,0,69,Les Olmes
LES OUBEAUX,14330,14342,49.28520,-1.05700,0,14,Les Oubeaux
LES PERQUES,50260,50082,49.46210,-1.66280,0,50,Les Perques
LES PIARDS,39200,39130,46.50500,5.86890,0,39,Les Piards
LES QUATRE ROUTES DU LOT,46600,46232,44.98800,1.60830,0,46,Les Quatre-Routes-du-Lot
LES ROSIERS SUR LOIRE,49350,49261,47.34240,-0.23520,0,49,Les Rosiers-sur-Loire
LES ROTOURS,61210,61339,48.77110,-0.28890,0,61,Les Rotours
LES TOURAILLES,61430,61007,48.79340,-0.46210,0,61,Les Tourailles
LES VERCHERS SUR LAYON,49700,49125,47.19880,-0.30530,0,49,Les Verchers-sur-Layon
LES VEYS,50620,50099,49.30610,-1.21180,0,50,Les Veys
LES VIGNES,48500,48094,44.30800,3.20550,0,48,Les Vignes
LESSON,85490,85020,46.36540,-0.61470,0,85,Lesson
LEZ,31440,31471,42.89940,0.69450,0,31,Lez
LEZAT,39400,39368,46.51650,6.00020,0,39,Lézat
LEZIGNE,49430,49174,47.65120,-0.29340,0,49,Lézigné
LHOPITAL,01420,01215,46.03020,5.76660,0,01,Lhôpital
LHOSPITALET,46170,46172,44.34230,1.41280,0,46,Lhospitalet
LIERGUES,69640,69114,45.96280,4.65090,0,69,Liergues
LIEVREMONT,25650,25357,46.97960,6.41310,0,25,Lièvremont
LIGNIERES LA CARELLE,72610,72137,48.43030,0.23650,0,72,Lignières-la-Carelle
LIGNIERES SONNEVILLE,16300,16186,45.56520,-0.19630,0,16,Lignières-Sonneville
LINCEL,04870,04192,43.91350,5.72760,0,04,Lincel
LINCHEUX HALLIVILLERS,80640,80443,49.84060,1.90410,0,80,Lincheux-Hallivillers
LINGREVILLE,50660,50272,48.95290,-1.53020,0,50,Lingreville
LINIERES BOUTON,49490,49228,47.51110,0.10270,0,49,Linières-Bouton
LIOUVILLE,55300,55012,48.84670,5.62070,0,55,Liouville
LIRE,49530,49126,47.30420,-1.21350,0,49,Liré
LISSE,47170,47221,44.09350,0.21090,0,47,Lisse
LITHAIRE,50250,50273,49.30530,-1.44170,0,50,Lithaire
LIVAIE,61420,61228,48.51820,-0.01350,0,61,Livaie
LIVAROT,14290,14371,49.00140,0.22310,0,14,Livarot
LIZY,02320,02018,49.51590,3.44260,0,02,Lizy
LOC EGUINER SAINT THEGONNEC,29410,29266,48.51130,-3.93870,0,29,Loc-Eguiner-Saint-Thégonnec
LOCHE,71000,71270,46.32650,4.80830,0,71,Loché
LOCHIEU,01260,01453,45.91530,5.73460,0,01,Lochieu
LOCMARIA BERRIEN,29690,29227,48.34130,-3.64510,0,29,Locmaria-Berrien
LOEUILLY,80160,80485,49.76720,2.18970,0,80,Lœuilly
LOGNY LES CHAUMONT,08220,08113,49.64580,4.23550,0,08,Logny-lès-Chaumont
LOIGNE SUR MAYENNE,53360,53136,47.87730,-0.73630,0,53,Loigné-sur-Mayenne
LOIRON,53320,53137,48.06200,-0.94200,0,53,Loiron
LOMME,59800,59350,50.63110,3.04680,0,59,Lomme
LOMPNIEU,01260,01036,45.92360,5.66260,0,01,Lompnieu
LONGEAULT,21110,21352,47.20990,5.24640,0,21,Longeault
LONGEFOY,73210,73006,45.56610,6.61190,0,73,Longefoy
LONGEVILLE SUR LA LAINES,52220,52411,48.47020,4.70620,0,52,Longeville-sur-la-Laines
LONGNY AU PERCHE,61290,61230,48.54190,0.80330,0,61,Longny-au-Perche
LONGRAYE,14250,14581,49.13380,-0.69930,0,14,Longraye
LONGUEFUYE,53200,53104,47.86050,-0.58500,0,53,Longuefuye
LONGUENOE,61420,61228,48.51820,-0.01350,0,61,Longuenoë
LONGUEVAL BARBONVAL,02160,02439,49.35550,3.67760,0,02,Longueval-Barbonval
LORE,61330,61211,48.52690,-0.52050,0,61,Loré
LOUBLANDE,79700,79079,46.94300,-0.75650,0,79,Loublande
LOUCE,61200,61153,48.72320,-0.13160,0,61,Loucé
LOUERRE,49700,49003,47.27050,-0.32220,0,49,Louerre
LOUPPY SUR CHEE,55000,55123,48.87240,5.17110,0,55,Louppy-sur-Chée
LOUROUX HODEMENT,03190,03158,46.47520,2.68950,0,03,Louroux-Hodement
LOUVAINES,49520,49331,47.71110,-0.85400,0,49,Louvaines
LOUVERGNY,08400,08116,49.51460,4.75940,0,08,Louvergny
LOUVOIS,51150,51564,49.10500,4.11540,0,51,Louvois
LOUZE,52220,52411,48.47020,4.70620,0,52,Louze
LOXEVILLE,55500,55179,48.74250,5.40830,0,55,Loxéville
LOZON,50570,50292,49.12560,-1.26090,0,50,Lozon
LUE EN BAUGEOIS,49140,49163,47.56060,-0.25630,0,49,Lué-en-Baugeois
LUIGNE,49320,49050,47.33920,-0.40870,0,49,Luigné
LUITRE,35210,35163,48.28230,-1.13010,0,35,Luitré
LUMEVILLE EN ORNOIS,55130,55215,48.49240,5.49810,0,55,Luméville-en-Ornois
LUNAX,31350,31412,43.32560,0.70300,0,31,Lunax
LUSANS,25640,25468,47.33890,6.19980,0,25,Lusans
MACHECOUL,44270,44087,47.00570,-1.80630,0,44,Machecoul
MACOT LA PLAGNE,73210,73150,45.56840,6.70300,0,73,Mâcot-la-Plagne
MAGNAC LAVALETTE VILLARS,16320,16198,45.50870,0.27410,0,16,Magnac-Lavalette-Villars
MAGNY LA CAMPAGNE,14370,14431,49.08600,-0.01690,0,14,Magny-la-Campagne
MAGNY LE FREULE,14370,14431,49.08600,-0.01690,0,14,Magny-le-Freule
MAINBRESSON,08220,08366,49.69820,4.24370,0,08,Mainbresson
MAINBRESSY,08220,08366,49.69820,4.24370,0,08,Mainbressy
MAINTERNE,28270,28120,48.67490,1.10360,0,28,Mainterne
MAIRY,08140,08145,49.66610,5.04570,0,08,Mairy
MAISIERES NOTRE DAME,25290,25537,47.11040,6.08400,0,25,Maisières-Notre-Dame
MAISONCELLES LA JOURDAN,14500,14762,48.81990,-0.87000,0,14,Maisoncelles-la-Jourdan
MAIZERY,57530,57148,49.10400,6.33840,0,57,Maizery
MALAUMONT,55200,55114,48.75920,5.48680,0,55,Malaumont
MALBOUZON,48270,48087,44.67870,3.15650,0,48,Malbouzon
MALE,61340,61484,48.28830,0.69870,0,61,Mâle
MALEMORT SUR CORREZE,19360,19123,45.17970,1.59360,0,19,Malemort-sur-Corrèze
MALESHERBES,45330,45191,48.27450,2.33920,0,45,Malesherbes
MALETABLE,61290,61230,48.54190,0.80330,0,61,Malétable
MALLOUE,14350,14061,48.96160,-0.84000,0,14,Malloué
MAMBOUHANS,25150,25187,47.37060,6.66540,0,25,Mambouhans
MANAURIE,24620,24172,44.93960,1.03520,0,24,Manaurie
MANCE,54790,54099,49.26630,5.95460,0,54,Mance
MANCHECOURT,45330,45191,48.27450,2.33920,0,45,Manchecourt
MANCIEULLES,54790,54099,49.26630,5.95460,0,54,Mancieulles
MANSLE,16230,16206,45.88740,0.18660,0,16,Mansle
MARAULT,52310,52058,48.20350,5.13850,0,52,Marault
MARBOTTE,55300,55012,48.84670,5.62070,0,55,Marbotte
MARC LA TOUR,19150,19098,45.19040,1.82550,0,19,Marc-la-Tour
MARCEI,61570,61375,48.67650,0.00840,0,61,Marcei
MARCHAINVILLE,61290,61230,48.54190,0.80330,0,61,Marchainville
MARCHAIS BETON,89120,89086,47.87860,3.10730,0,89,Marchais-Beton
MARCHAIS EN BRIE,02540,02458,48.89170,3.50920,0,02,Marchais-en-Brie
MARCHAL,15270,15038,45.40430,2.60530,0,15,Marchal
MARCHELEPOT,80200,80509,49.84200,2.87570,0,80,Marchélepot
MARCILLAC,33860,33380,45.27600,-0.50990,0,33,Marcillac
MARCONNE,62140,62447,50.37840,2.02470,0,62,Marconne
MARDORE,69240,69248,46.05050,4.31090,0,69,Mardore
MARDYCK,59640,59183,51.01830,2.34310,0,59,Mardyck
MAREUIL SUR AY,51160,51030,49.05610,4.04140,0,51,Mareuil-sur-Ay
MARGILLEY,70600,70122,47.63100,5.49930,0,70,Margilley
MARIGNE,49330,49080,47.69700,-0.54990,0,49,Marigné
MARIGNY BRIZAY,86380,86115,46.72740,0.36420,0,86,Marigny-Brizay
MARIZY,71220,71279,46.57010,4.43390,0,71,Marizy
MARLENS,74210,74167,45.75970,6.35340,0,74,Marlens
MARMESSE,52120,52114,48.02630,4.94100,0,52,Marmesse
MARMOUILLE,61500,61081,48.65970,0.21240,0,61,Marmouillé
MARNAND,69240,69248,46.05050,4.31090,0,69,Marnand
MARSANEIX,24750,24312,45.10790,0.74350,0,24,Marsaneix
MARTIGNE BRIAND,49540,49086,47.26900,-0.44300,0,49,Martigné-Briand
MARVILLE LES BOIS,28170,28360,48.60770,1.28110,0,28,Marville-les-Bois
MAS D ORCIERES,48250,48027,44.50990,3.74900,0,48,Mas-d'Orcières
MASBARAUD MERIGNAT,23400,23189,46.00490,1.71490,0,23,Masbaraud-Mérignat
MASEVAUX,68290,68201,47.78190,6.97640,0,68,Masevaux
MASSAIS,79290,79063,47.03510,-0.34500,0,79,Massais
MATTSTALL,67510,67263,49.01270,7.76270,0,67,Mattstall
MAULAIN,52240,52332,47.99750,5.53870,0,52,Maulain
MAURE DE BRETAGNE,35330,35168,47.89810,-1.99310,0,35,Maure-de-Bretagne
MAUZE THOUARSAIS,79100,79329,46.97650,-0.24660,0,79,Mauzé-Thouarsais
MAY SUR ORNE,14320,14408,49.10790,-0.35900,0,14,May-sur-Orne
MAZE,49630,49194,47.47130,-0.27850,0,49,Mazé
MAZIERES,16270,16192,45.88740,0.58300,0,16,Mazières
MAZIERES SUR BERONNE,79500,79174,46.20820,-0.14400,0,79,Mazières-sur-Béronne
MEAUDRE,38880,38225,45.17130,5.54440,0,38,Méaudre
MEAULNE,03360,03168,46.60650,2.64850,0,03,Meaulne
MEIGNE,49700,49125,47.19880,-0.30530,0,49,Meigné
MEIGNE LE VICOMTE,49490,49228,47.51110,0.10270,0,49,Meigné-le-Vicomte
MEILLIER FONTAINE,08700,08328,49.81740,4.75380,0,08,Meillier-Fontaine
MEMBROLLES,41240,41173,47.93600,1.46050,0,41,Membrolles
MENIL JEAN,61210,61339,48.77110,-0.28890,0,61,Ménil-Jean
MEON,49490,49228,47.51110,0.10270,0,49,Méon
MERICOURT SUR SOMME,80340,80295,49.92420,2.68540,0,80,Méricourt-sur-Somme
MERVAL,02160,02439,49.35550,3.67760,0,02,Merval
MESLIN,22400,22093,48.48590,-2.52010,0,22,Meslin
MESNIL CLINCHAMPS,14380,14658,48.82970,-1.02800,0,14,Mesnil-Clinchamps
MESSAIS,86330,86161,46.87680,0.00330,0,86,Messais
MEULLES,14290,14371,49.00140,0.22310,0,14,Meulles
MEUVY,52240,52074,48.08620,5.61760,0,52,Meuvy
MEYRONNES,04530,04120,44.43000,6.85590,0,04,Meyronnes
MEYTHET,74960,74010,45.90240,6.12640,0,74,Meythet
MEZIDON CANON,14370,14431,49.08600,-0.01690,0,14,Mézidon-Canon
MEZIERES SUR ISSOIRE,87330,87097,46.08840,0.90040,0,87,Mézières-sur-Issoire
MICHAUGUES,58420,58026,47.25930,3.53600,0,58,Michaugues
MICHELBACH,68700,68012,47.77440,7.12260,0,68,Michelbach
MIELLIN,70440,70489,47.82260,6.71070,0,70,Miellin
MIFAGET,64800,64148,43.12800,-0.29990,0,64,Mifaget
MIGNAFANS,70110,70487,47.56540,6.52970,0,70,Mignafans
MILHAC D AUBEROCHE,24640,24026,45.15770,0.88000,0,24,Milhac-d'Auberoche
MILHAGUET,87440,87092,45.63630,0.80030,0,87,Milhaguet
MILIZAC,29290,29076,48.47070,-4.56390,0,29,Milizac
MILLY,50600,50391,48.60710,-1.06550,0,50,Milly
MISERY,80200,80509,49.84200,2.87570,0,80,Misery
MISSE,79100,79329,46.97650,-0.24660,0,79,Missé
MISSY,14310,14475,49.11110,-0.57000,0,14,Missy
MITSCHDORF,67360,67160,48.96090,7.77540,0,67,Mitschdorf
MITTELHAUSEN,67270,67539,48.72280,7.61750,0,67,Mittelhausen
MITTOIS,14170,14654,48.98730,0.02520,0,14,Mittois
MOBECQ,50580,50236,49.28730,-1.59660,0,50,Mobecq
MOGNARD,73410,73010,45.78650,5.91490,0,73,Mognard
MOLESMES,89560,89405,47.61460,3.43040,0,89,Molesmes
MOLIERES GLANDAZ,26150,26001,44.71120,5.37770,0,26,Molières-Glandaz
MOLINEUF,41190,41142,47.57150,1.19680,0,41,Molineuf
MOLINGHEM,62330,62473,50.61470,2.45610,0,62,Molinghem
MOLPRE,39250,39329,46.79330,6.05230,0,39,Molpré
MONBARDON,32420,32365,43.36270,0.66790,0,32,Monbardon
MONCEAUX AU PERCHE,61290,61230,48.54190,0.80330,0,61,Monceaux-au-Perche
MONCOUTANT,79380,79179,46.70970,-0.59270,0,79,Moncoutant
MONDRECOURT,55220,55254,48.96840,5.29210,0,55,Mondrecourt
MONNAI,61550,61167,48.84360,0.49510,0,61,Monnai
MONSEC,24340,24253,45.44760,0.51070,0,24,Monsec
MONSOLS,69860,69135,46.23790,4.56310,0,69,Monsols
MONT BERTRAND,14350,14061,48.96160,-0.84000,0,14,Mont-Bertrand
MONT DE LANS,38860,38253,44.98850,6.13490,0,38,Mont-de-Lans
MONTABON,72500,72071,47.69550,0.42130,0,72,Montabon
MONTAGNA LE TEMPLIER,39320,39273,46.37930,5.48250,0,39,Montagna-le-Templier
MONTAGNY SUR GROSNE,71520,71134,46.35470,4.56490,0,71,Montagny-sur-Grosne
MONTAIMONT,73130,73235,45.39590,6.35540,0,73,Montaimont
MONTALEMBERT,79190,79307,46.16250,0.12570,0,79,Montalembert
MONTAMY,14350,14061,48.96160,-0.84000,0,14,Montamy
MONTANEL,50240,50487,48.52090,-1.36380,0,50,Montanel
MONTARLOT,77250,77316,48.35450,2.82330,0,77,Montarlot
MONTARLOT LES CHAMPLITTE,70600,70122,47.63100,5.49930,0,70,Montarlot-lès-Champlitte
MONTAURE,27400,27412,49.24290,1.11830,0,27,Montaure
MONTBENOIT,25650,25390,46.99850,6.46520,0,25,Montbenoît
MONTCHATON,50660,50388,49.00920,-1.47630,0,50,Montchaton
MONTCHAUDE,16300,16224,45.44040,-0.21690,0,16,Montchaude
MONTEILLE,14370,14431,49.08600,-0.01690,0,14,Monteille
MONTFAUCON MONTIGNE,49710,49301,47.08780,-1.09680,0,49,Montfaucon-Montigné
MONTFERNEY,25680,25505,47.47660,6.35000,0,25,Montferney
MONTFLOVIN,25650,25390,46.99850,6.46520,0,25,Montflovin
MONTGARDON,50580,50236,49.28730,-1.59660,0,50,Montgardon
MONTGAROULT,61150,61194,48.75090,-0.11940,0,61,Montgaroult
MONTGELLAFREY,73130,73235,45.39590,6.35540,0,73,Montgellafrey
MONTGIROD,73210,73006,45.56610,6.61190,0,73,Montgirod
MONTGOTHIER,50540,50256,48.62360,-1.17980,0,50,Montgothier
MONTGUILLON,49520,49331,47.71110,-0.85400,0,49,Montguillon
MONTHERLANT,60790,60570,49.26820,2.06030,0,60,Montherlant
MONTIER EN DER,52220,52331,48.47730,4.80760,0,52,Montier-en-Der
MONTIGNAC CHARENTE,16330,16393,45.76490,0.13400,0,16,Montignac-Charente
MONTIGNE,16170,16339,45.83970,-0.08660,0,16,Montigné
MONTJEAN SUR LOIRE,49620,49244,47.34350,-0.93510,0,49,Montjean-sur-Loire
MONTJEZIEU,48500,48034,44.42530,3.25830,0,48,Montjézieu
MONTMARQUET,80430,80456,49.82230,1.80340,0,80,Montmarquet
MONTMARTIN EN GRAIGNES,50620,50099,49.30610,-1.21180,0,50,Montmartin-en-Graignes
MONTMIN,74290,74275,45.81710,6.23190,0,74,Montmin
MONTOURS,35460,35191,48.45230,-1.34030,0,35,Montours
MONTOURTIER,53150,53161,48.16360,-0.55750,0,53,Montourtier
MONTPOLLIN,49150,49018,47.55980,-0.11430,0,49,Montpollin
MONTREVAULT,49600,49218,47.24940,-1.02040,0,49,Montrevault
MONTRICHARD,41400,41151,47.35940,1.19980,0,41,Montrichard
MONTRIGAUD,26350,26210,45.21760,5.14230,0,26,Montrigaud
MONTSAON,52000,52469,48.06060,5.04660,0,52,Montsaon
MONTSAUGEON,52190,52405,47.66420,5.28760,0,52,Montsaugeon
MONTSECRET,61800,61292,48.80060,-0.67870,0,61,Montsecret
MONTSEUGNY,70140,70101,47.33240,5.51680,0,70,Montseugny
MONTSURVENT,50560,50215,49.10770,-1.53150,0,50,Montsurvent
MONTURSIN,25190,25275,47.34440,6.98400,0,25,Montursin
MONTVIETTE,14170,14654,48.98730,0.02520,0,14,Montviette
MONTVIRON,50530,50565,48.74480,-1.44410,0,50,Montviron
MORAINS,51130,51158,48.82690,3.96160,0,51,Morains
MORANNES,49640,49220,47.71810,-0.38160,0,49,Morannes
MORCHAMPS,25680,25505,47.47660,6.35000,0,25,Morchamps
MORET SUR LOING,77250,77316,48.35450,2.82330,0,77,Moret-sur-Loing
MOREZ,39400,39368,46.51650,6.00020,0,39,Morez
MORIEUX,22400,22093,48.48590,-2.52010,0,22,Morieux
MORMAISON,85260,85197,46.91040,-1.43140,0,85,Mormaison
MORTAIN,50140,50359,48.60770,-0.92590,0,50,Mortain
MORTZWILLER,68780,68219,47.73230,7.04930,0,68,Mortzwiller
MORVILLE SUR ANDELLE,76780,76455,49.49000,1.41200,0,76,Morville-sur-Andelle
MOUGON,79370,79185,46.28440,-0.27230,0,79,Mougon
MOUILLERON EN PAREDS,85390,85154,46.66890,-0.84530,0,85,Mouilleron-en-Pareds
MOULICENT,61290,61230,48.54190,0.80330,0,61,Moulicent
MOULT,14370,14456,49.11230,-0.18980,0,14,Moult
MOURJOU,15340,15027,44.70650,2.32500,0,15,Mourjou
MOUSSONVILLIERS,61190,61429,48.63940,0.75970,0,61,Moussonvilliers
MOUSTOIR REMUNGOL,56500,56144,47.97140,-2.86750,0,56,Moustoir-Remungol
MOUTIERS SOUS ARGENTON,79300,79013,46.97210,-0.41640,0,79,Moutiers-sous-Argenton
MOUTIERS SOUS CHANTEMERLE,79380,79179,46.70970,-0.59270,0,79,Moutiers-sous-Chantemerle
MOUTILS,77320,77093,48.77520,3.38220,0,77,Moutils
MOYON,50860,50363,48.99550,-1.13540,0,50,Moyon
MUR DE BRETAGNE,22530,22158,48.19550,-2.94810,0,22,Mûr-de-Bretagne
MUREILS,26240,26216,45.20790,4.91140,0,26,Mureils
MUSSEAU,52160,52094,47.69050,5.08680,0,52,Musseau
NAFTEL,50540,50256,48.62360,-1.17980,0,50,Naftel
NAIZIN,56500,56144,47.97140,-2.86750,0,56,Naizin
NAMPS AU MONT,80290,80582,49.80580,2.12110,0,80,Namps-au-Mont
NANGEVILLE,45330,45191,48.27450,2.33920,0,45,Nangeville
NANTOIN,38260,38479,45.43200,5.21530,0,38,Nantoin
NATTAGES,01300,01286,45.73180,5.74950,0,01,Nattages
NEHWILLER PRES WOERTH,67110,67388,48.93830,7.67370,0,67,Nehwiller-près-Wœrth
NENON,39700,39205,47.10280,5.60820,0,39,Nenon
NEUILLY LA FORET,14330,14342,49.28520,-1.05700,0,14,Neuilly-la-Forêt
NEUILLY LES DIJON,21800,21452,47.27230,5.11430,0,21,Neuilly-lès-Dijon
NEUILLY SUR EURE,61290,61230,48.54190,0.80330,0,61,Neuilly-sur-Eure
NEUVEGLISE,15260,15142,44.93600,2.97670,0,15,Neuvéglise
NEUVELLE LES CHAMPLITTE,70600,70122,47.63100,5.49930,0,70,Neuvelle-lès-Champlitte
NEUVELLE LES GRANCEY,21580,21304,47.66990,5.01170,0,21,Neuvelle-lès-Grancey
NEUVILLE LES DIEPPE,76370,76217,49.91990,1.08380,0,76,Neuville-lès-Dieppe
NEUVILLE LES LOEUILLY,80160,80485,49.76720,2.18970,0,80,Neuville-lès-Lœuilly
NEUVILLE PRES SEES,61500,61081,48.65970,0.21240,0,61,Neuville-près-Sées
NEUVY EN BEAUCE,28310,28319,48.27740,1.92220,0,28,Neuvy-en-Beauce
NEUVY EN MAUGES,49750,49092,47.22110,-0.69640,0,49,Neuvy-en-Mauges
NIEDERBRUCK,68290,68201,47.78190,6.97640,0,68,Niederbruck
NIEDERSEEBACH,67160,67351,48.96360,7.98940,0,67,Niederseebach
NIEUL SUR L AUTISE,85420,85162,46.41850,-0.66610,0,85,Nieul-sur-l'Autise
NIJON,52150,52064,48.22250,5.61230,0,52,Nijon
NOCE,61340,61309,48.35850,0.69580,0,61,Nocé
NOELLET,49520,49248,47.72320,-1.10860,0,49,Noëllet
NOIRTERRE,79300,79049,46.86540,-0.47330,0,79,Noirterre
NOJALS ET CLOTTE,24440,24028,44.73870,0.75520,0,24,Nojals-et-Clotte
NONANT LE PIN,61240,61275,48.69500,0.26690,0,61,Nonant-le-Pin
NONIERES,07160,07165,44.92000,4.49680,0,07,Nonières
NORMANDEL,61190,61429,48.63940,0.75970,0,61,Normandel
NORMEE,51230,51248,48.76930,4.02590,0,51,Normée
NOROY LES JUSSEY,70500,70292,47.82200,5.89210,0,70,Noroy-lès-Jussey
NOTRE DAME D ALLENCON,49540,49086,47.26900,-0.44300,0,49,Notre-Dame-d'Allençon
NOTRE DAME D ELLE,50810,50492,49.09340,-0.95510,0,50,Notre-Dame-d'Elle
NOTRE DAME D OR,86330,86108,46.80430,0.03400,0,86,Notre-Dame-d'Or
NOTRE DAME DE BRIANCON,73260,73187,45.52610,6.46660,0,73,Notre-Dame-de-Briançon
NOTRE DAME DE COURSON,14290,14371,49.00140,0.22310,0,14,Notre-Dame-de-Courson
NOTRE DAME DE GRAVENCHON,76330,76476,49.50620,0.58340,0,76,Notre-Dame-de-Gravenchon
NOTRE DAME DE SANILHAC,24750,24312,45.10790,0.74350,0,24,Notre-Dame-de-Sanilhac
NOTRE DAME DU ROCHER,61430,61007,48.79340,-0.46210,0,61,Notre-Dame-du-Rocher
NOTRE DAME DU TOUCHET,50140,50359,48.60770,-0.92590,0,50,Notre-Dame-du-Touchet
NOYANT,49490,49228,47.51110,0.10270,0,49,Noyant
NOYANT LA GRAVOYERE,49520,49331,47.71110,-0.85400,0,49,Noyant-la-Gravoyère
NOYANT LA PLAINE,49700,49003,47.27050,-0.32220,0,49,Noyant-la-Plaine
NOYERS BOCAGE,14310,14475,49.11110,-0.57000,0,14,Noyers-Bocage
NUAILLE SUR BOUTONNE,17470,17268,46.03070,-0.40430,0,17,Nuaillé-sur-Boutonne
NUEIL SUR LAYON,49560,49373,47.15040,-0.46180,0,49,Nueil-sur-Layon
NUELLES,69210,69208,45.86040,4.61670,0,69,Nuelles
NYOISEAU,49520,49331,47.71110,-0.85400,0,49,Nyoiseau
ODIVAL,52800,52353,48.04190,5.36350,0,52,Odival
OEY,55500,55358,48.67540,5.38900,0,55,Oëy
OGER,51190,51612,48.92270,3.97140,0,51,Oger
OINGT,69620,69024,45.93860,4.56680,0,69,Oingt
OIRON,79600,79196,46.90830,-0.09850,0,79,Oiron
OMIECOURT,80320,80621,49.80810,2.85870,0,80,Omiécourt
OMMEEL,61310,61474,48.78510,0.11260,0,61,Omméel
OMONVILLE LA PETITE,50690,50041,49.65460,-1.82140,0,50,Omonville-la-Petite
OMONVILLE LA ROGUE,50690,50041,49.65460,-1.82140,0,50,Omonville-la-Rogue
ONCOURT,88150,88465,48.24980,6.42440,0,88,Oncourt
ONDEFONTAINE,14770,14027,48.99080,-0.65450,0,14,Ondefontaine
ONVILLERS,80500,80623,49.62430,2.64940,0,80,Onvillers
ONZAIN,41150,41167,47.50790,1.15000,0,41,Onzain
ORBOIS,14250,14581,49.13380,-0.69930,0,14,Orbois
ORCHAISE,41190,41142,47.57150,1.19680,0,41,Orchaise
ORIGNY LE BUTIN,61400,61196,48.38410,0.50390,0,61,Origny-le-Butin
ORLIAGUET,24370,24325,44.90000,1.40060,0,24,Orliaguet
ORMOY SUR AUBE,52120,52274,47.99050,4.85030,0,52,Ormoy-sur-Aube
ORNACIEUX,38260,38284,45.39430,5.21370,0,38,Ornacieux
ORNEL,55400,55191,49.23580,5.61000,0,55,Ornel
ORVEAU BELLESAUVE,45330,45191,48.27450,2.33920,0,45,Orveau-Bellesauve
OSSELLE,25410,25438,47.15650,5.86220,0,25,Osselle
OUCHAMPS,41700,41059,47.43270,1.38510,0,41,Ouchamps
OUCQUES,41290,41171,47.81040,1.27560,0,41,Oucques
OULLINS,69600,69149,45.70800,4.81120,0,69,Oullins
OULMES,85420,85162,46.41850,-0.66610,0,85,Oulmes
OUROUER,58130,58204,47.07700,3.29040,0,58,Ourouër
OUROUX,69860,69135,46.23790,4.56310,0,69,Ouroux
OUVILLE LA BIEN TOURNEE,14170,14654,48.98730,0.02520,0,14,Ouville-la-Bien-Tournée
OUZILLY VIGNOLLES,86330,86161,46.87680,0.00330,0,86,Ouzilly-Vignolles
OUZOUER LE MARCHE,41240,41173,47.93600,1.46050,0,41,Ouzouer-le-Marché
OZOUER LE REPOS,77720,77010,48.61900,2.89510,0,77,Ozouer-le-Repos
PAIZAY LE TORT,79500,79174,46.20820,-0.14400,0,79,Paizay-le-Tort
PALADRU,38850,38292,45.47430,5.53390,0,38,Paladru
PALEYRAC,24480,24068,44.81440,0.88850,0,24,Paleyrac
PALIS,10190,10003,48.22660,3.72180,0,10,Palis
PALMAS,12340,12177,44.42310,2.85880,0,12,Palmas
PANILLEUSE,27630,27213,49.17510,1.57080,0,27,Panilleuse
PARCAY LES PINS,49490,49228,47.51110,0.10270,0,49,Parçay-les-Pins
PARCOUL,24410,24316,45.19810,0.05790,0,24,Parcoul
PARGNY RESSON,08300,08362,49.51470,4.38140,0,08,Pargny-Resson
PAROIS,55120,55117,49.12020,5.09250,0,55,Parois
PARPECAY,36210,36229,47.20630,1.62490,0,36,Parpeçay
PARVES,01300,01286,45.73180,5.74950,0,01,Parves
PASSAIS,61350,61324,48.48860,-0.76870,0,61,Passais
PAUTAINES AUGEVILLE,52270,52187,48.36230,5.32890,0,52,Pautaines-Augeville
PAYRE,86700,86082,46.31690,0.21260,0,86,Payré
PELLOUAILLES LES VIGNES,49480,49323,47.51820,-0.47460,0,49,Pellouailles-les-Vignes
PENLY,76910,76618,49.96120,1.23430,0,76,Penly
PERCY,50410,50393,48.91740,-1.19390,0,50,Percy
PERCY EN AUGE,14370,14431,49.08600,-0.01690,0,14,Percy-en-Auge
PERLES,02160,02439,49.35550,3.67760,0,02,Perles
PERN,46170,46172,44.34230,1.41280,0,46,Pern
PERRET,22570,22107,48.21470,-3.11610,0,22,Perret
PERREUSE,89520,89420,47.55910,3.18880,0,89,Perreuse
PERS,15290,15268,44.88400,2.23510,0,15,Pers
PERTAIN,80320,80621,49.80810,2.85870,0,80,Pertain
PETIT COEUR,73260,73187,45.52610,6.46660,0,73,Petit-Cœur
PEYRILLAC ET MILLAC,24370,24325,44.90000,1.40060,0,24,Peyrillac-et-Millac
PFETTISHEIM,67370,67495,48.65840,7.62930,0,67,Pfettisheim
PIEPAPE,52600,52529,47.74350,5.31960,0,52,Piépape
PIERRE BENITE,69600,69149,45.70800,4.81120,0,69,Pierre-Bénite
PIERREFITTE SUR SEINE,93380,93066,48.93780,2.36570,0,93,Pierrefitte-sur-Seine
PIERREFONTAINES,52160,52384,47.80300,5.20060,0,52,Pierrefontaines
PIGEROLLES,23340,23090,45.78510,2.01920,0,23,Pigerolles
PINSOT,38580,38163,45.30170,6.10950,0,38,Pinsot
PIRE SUR SEICHE,35680,35220,48.01460,-1.40600,0,35,Piré-sur-Seiche
PLACY,14220,14150,48.96450,-0.37610,0,14,Placy
PLACY MONTAIGU,50160,50444,49.04110,-0.93060,0,50,Placy-Montaigu
PLANGUENOUAL,22400,22093,48.48590,-2.52010,0,22,Planguenoual
PLESSALA,22330,22046,48.28370,-2.51440,0,22,Plessala
PLESSIX BALISSON,22650,22209,48.56270,-2.13830,0,22,Plessix-Balisson
PLEVEN,22130,22237,48.51600,-2.29460,0,22,Pléven
PLIBOUX,79190,79307,46.16250,0.12570,0,79,Pliboux
PLOEUC SUR LIE,22150,22203,48.33530,-2.81720,0,22,Plœuc-sur-Lié
PLOUAGAT,22170,22206,48.53110,-2.98720,0,22,Plouagat
PLOUBALAY,22650,22209,48.56270,-2.13830,0,22,Ploubalay
PLOUGUENAST,22150,22219,48.28020,-2.69330,0,22,Plouguenast
PLOUNEOUR TREZ,29890,29021,48.65190,-4.32460,0,29,Plounéour-Trez
PLUDUNO,22130,22237,48.51600,-2.29460,0,22,Pluduno
PLUVAULT,21110,21352,47.20990,5.24640,0,21,Pluvault
POMMERIT JAUDY,22450,22264,48.73040,-3.23000,0,22,Pommerit-Jaudy
PONCE SUR LE LOIR,72340,72262,47.78490,0.64780,0,72,Poncé-sur-le-Loir
PONT TRAMBOUZE,69470,69066,46.09680,4.34450,0,69,Pont-Trambouze
PONTAMAFREY MONTPASCAL,73300,73135,45.31130,6.36360,0,73,Pontamafrey-Montpascal
PONTCHARRA SUR TURDINE,69490,69157,45.88860,4.49480,0,69,Pontcharra-sur-Turdine
PONTHOUX,39170,39286,46.38990,5.77760,0,39,Ponthoux
PONTIGNE,49150,49018,47.55980,-0.11430,0,49,Pontigné
PORTBAIL,50580,50412,49.34030,-1.68880,0,50,Portbail
PORTE JOIE,27430,27471,49.26630,1.25370,0,27,Porte-Joie
POUANCE,49520,49248,47.72320,-1.10860,0,49,Pouancé
POUCHERGUES,65240,65003,42.79730,0.38940,0,65,Pouchergues
POUILLY LE MONIAL,69640,69114,45.96280,4.65090,0,69,Pouilly-le-Monial
POULDOURAN,22450,22264,48.73040,-3.23000,0,22,Pouldouran
POUSSY LA CAMPAGNE,14540,14005,49.08640,-0.19050,0,14,Poussy-la-Campagne
POUZIOUX,86300,86070,46.55280,0.67140,0,86,Pouzioux
PRADELLES EN VAL,11220,11251,43.12830,2.54980,0,11,Pradelles-en-Val
PRAILLES,79800,79217,46.31640,-0.17030,0,79,Prailles
PRANGEY,52600,52529,47.74350,5.31960,0,52,Prangey
PRATZ,39170,39286,46.38990,5.77760,0,39,Pratz
PRAUTHOY,52190,52405,47.66420,5.28760,0,52,Prauthoy
PRE EN PAIL,53140,53185,48.45290,-0.19930,0,53,Pré-en-Pail
PREAUX DU PERCHE,61340,61309,48.35850,0.69580,0,61,Préaux-du-Perche
PREAUX SAINT SEBASTIEN,14290,14371,49.00140,0.22310,0,14,Préaux-Saint-Sébastien
PRECORBIN,50810,50492,49.09340,-0.95510,0,50,Précorbin
PREMIERES,21110,21183,47.23030,5.29150,0,21,Premières
PRENOUVELLON,41240,41173,47.93600,1.46050,0,41,Prénouvellon
PRENOVEL,39200,39130,46.50500,5.86890,0,39,Prénovel
PREPOTIN,61190,61491,48.60650,0.63210,0,61,Prépotin
PRESSIAT,01370,01426,46.28160,5.35370,0,01,Pressiat
PRETOT SAINTE SUZANNE,50250,50273,49.30530,-1.44170,0,50,Prétot-Sainte-Suzanne
PREZ SUR MARNE,52170,52265,48.54790,5.06500,0,52,Prez-sur-Marne
PRIAIRES,79360,79334,46.16240,-0.58260,0,79,Priaires
PRIMAT,08250,08333,49.35680,4.78450,0,08,Primat
PRINSUEJOLS,48270,48087,44.67870,3.15650,0,48,Prinsuéjols
PROUAIS,28410,28056,48.73630,1.56740,0,28,Prouais
PROUSSY,14770,14174,48.88520,-0.57790,0,14,Proussy
PROVEMONT,27150,27153,49.27990,1.64570,0,27,Provemont
PROVENCHERES SUR FAVE,88490,88361,48.32120,7.09840,0,88,Provenchères-sur-Fave
PROVENCHERES SUR MARNE,52320,52211,48.29820,5.13430,0,52,Provenchères-sur-Marne
PROVENCHERES SUR MEUSE,52240,52332,47.99750,5.53870,0,52,Provenchères-sur-Meuse
PRUILLE,49770,49200,47.55230,-0.67970,0,49,Pruillé
PRUNOY,89120,89086,47.87860,3.10730,0,89,Prunoy
PUELLEMONTIER,52220,52411,48.47020,4.70620,0,52,Puellemontier
PUGNY,79380,79179,46.70970,-0.59270,0,79,Pugny
PUSSY,73260,73187,45.52610,6.46660,0,73,Pussy
PUTANGES PONT ECREPIN,61210,61339,48.77110,-0.28890,0,61,Putanges-Pont-Écrepin
PUTOT EN BESSIN,14740,14098,49.19630,-0.53980,0,14,Putot-en-Bessin
PUYMANGOU,24410,24376,45.18170,0.11440,0,24,Puymangou
PUYRENIER,24340,24253,45.44760,0.51070,0,24,Puyrenier
QUELNEUC,56910,56033,47.82390,-2.12270,0,56,Quelneuc
QUERQUEVILLE,50470,50129,49.62770,-1.63560,0,50,Querqueville
QUERRE,49330,49080,47.69700,-0.54990,0,49,Querré
QUESSIGNY,27220,27277,48.94250,1.26540,0,27,Quessigny
QUESSY,02700,02738,49.65620,3.29490,0,02,Quessy
QUETTETOT,50260,50082,49.46210,-1.66280,0,50,Quettetot
QUILY,56800,56197,47.86940,-2.42500,0,56,Quily
RABLAY SUR LAYON,49750,49345,47.27190,-0.53950,0,49,Rablay-sur-Layon
RABODANGES,61210,61339,48.77110,-0.28890,0,61,Rabodanges
RAMPONT,55220,55497,49.08740,5.24770,0,55,Rampont
RANDENS,73220,73212,45.53900,6.32310,0,73,Randens
RANDONNAI,61190,61491,48.60650,0.63210,0,61,Randonnai
RAVENNEFONTAINES,52240,52332,47.99750,5.53870,0,52,Ravennefontaines
RAVENOVILLE,50480,50523,49.42050,-1.29670,0,50,Ravenoville
REBOURSEAUX,89600,89439,47.95190,3.69570,0,89,Rebourseaux
RECHICOURT,55230,55500,49.33590,5.69250,0,55,Réchicourt
RECOULES PREVINQUIERES,12150,12270,44.31380,3.02940,0,12,Recoules-Prévinquières
REFRANCHE,25330,25223,47.01380,5.99860,0,25,Refranche
REIMERSWILLER,67660,67339,48.89370,7.93350,0,67,Reimerswiller
REITWILLER,67370,67034,48.68410,7.63350,0,67,Reitwiller
REMONVILLE,08240,08437,49.41560,5.06660,0,08,Rémonville
REMUNGOL,56500,56144,47.97140,-2.86750,0,56,Remungol
REUIL,51700,51457,49.09450,3.80890,0,51,Reuil
REVILLON,02160,02439,49.35550,3.67760,0,02,Révillon
REYNIER,04250,04023,44.32330,6.18320,0,04,Reynier
REZONVILLE,57130,57578,49.08770,5.96840,0,57,Rezonville
RIBENNES,48700,48126,44.62750,3.38490,0,48,Ribennes
RIBIERS,05300,05118,44.25160,5.83380,0,05,Ribiers
RICARVILLE,76640,76258,49.65170,0.60390,0,76,Ricarville
RIEDHEIM,67330,67061,48.81430,7.46650,0,67,Riedheim
RIEDWIHR,68320,68143,48.12120,7.42690,0,68,Riedwihr
RIEUTORT DE RANDON,48700,48127,44.65310,3.47620,0,48,Rieutort-de-Randon
RIGNAUCOURT,55220,55254,48.96840,5.29210,0,55,Rignaucourt
RISTOLAS,05460,05001,44.77170,6.97170,0,05,Ristolas
ROBEHOMME,14860,14046,49.22810,-0.18000,0,14,Robehomme
ROBERT MAGNY,52220,52331,48.47730,4.80760,0,52,Robert-Magny
ROCQUANCOURT,14540,14538,49.10920,-0.30530,0,14,Rocquancourt
ROLLAINVILLE,88300,88321,48.35680,5.70260,0,88,Rollainville
ROMETTE,05000,05061,44.57970,6.06160,0,05,Romette
RONEL,81120,81233,43.80810,2.26930,0,81,Ronel
RONFEUGERAI,61430,61007,48.79340,-0.46210,0,61,Ronfeugerai
RONTHON,50530,50167,48.71990,-1.48980,0,50,Ronthon
ROOCOURT LA COTE,52310,52058,48.20350,5.13850,0,52,Roôcourt-la-Côte
ROQUETAILLADE,11300,11323,42.99040,2.20750,0,11,Roquetaillade
RORTHAIS,79700,79079,46.94300,-0.75650,0,79,Rorthais
ROSIERES EN BLOIS,55130,55148,48.56800,5.53540,0,55,Rosières-en-Blois
ROSOY SUR AMANCE,52600,52242,47.84930,5.52890,0,52,Rosoy-sur-Amance
ROSSAY,86200,86137,47.01160,0.10480,0,86,Rossay
ROUCAMPS,14770,14027,48.99080,-0.65450,0,14,Roucamps
ROUELLE,61700,61145,48.58660,-0.65540,0,61,Rouellé
ROUFFIGNY,50800,50639,48.82470,-1.23990,0,50,Rouffigny
ROULLEE,72610,72137,48.43030,0.23650,0,72,Roullée
ROULLOURS,14500,14762,48.81990,-0.87000,0,14,Roullours
ROUMAZIERES LOUBERT,16270,16192,45.88740,0.58300,0,16,Roumazières-Loubert
ROUNTZENHEIM,67480,67418,48.81780,8.00570,0,67,Rountzenheim
ROUSSAC,87250,87128,46.05560,1.25060,0,87,Roussac
ROUSSAY,49710,49301,47.08780,-1.09680,0,49,Roussay
ROUTELLE,25410,25438,47.15650,5.86220,0,25,Routelle
ROUVENAC,11260,11131,42.92630,2.15730,0,11,Rouvenac
ROUVRAY SAINT DENIS,28310,28319,48.27740,1.92220,0,28,Rouvray-Saint-Denis
ROUVRAY SAINT FLORENTIN,28150,28422,48.27140,1.59950,0,28,Rouvray-Saint-Florentin
ROUXEVILLE,50810,50492,49.09340,-0.95510,0,50,Rouxeville
ROZIERES,52220,52479,48.41080,4.82760,0,52,Rozières
RUBECOURT ET LAMECOURT,08140,08053,49.71430,5.02690,0,08,Rubécourt-et-Lamécourt
RUFFIEU,01260,01187,46.04360,5.68460,0,01,Ruffieu
RUILLE LE GRAVELAIS,53320,53137,48.06200,-0.94200,0,53,Ruillé-le-Gravelais
RUILLE SUR LOIR,72340,72262,47.78490,0.64780,0,72,Ruillé-sur-Loir
RUMAISNIL,80290,80582,49.80580,2.12110,0,80,Rumaisnil
RUMERSHEIM,67370,67034,48.68410,7.63350,0,67,Rumersheim
RUSSY,14710,14591,49.33560,-0.81110,0,14,Russy
SAINT AGIL,41170,41248,48.05730,0.89400,0,41,Saint-Agil
SAINT AGNAN SUR ERRE,61340,61484,48.28830,0.69870,0,61,Saint-Agnan-sur-Erre
SAINT AGNANT SOUS LES COTES,55300,55012,48.84670,5.62070,0,55,Saint-Agnant-sous-les-Côtes
SAINT AIGNAN DE CRAMESNIL,14540,14554,49.08700,-0.28110,0,14,Saint-Aignan-de-Cramesnil
SAINT AMAND DE BELVES,24170,24035,44.74920,1.00500,0,24,Saint-Amand-de-Belvès
SAINT AMAND DE COLY,24290,24364,45.06340,1.24560,0,24,Saint-Amand-de-Coly
SAINT AMAND DES HAUTES TERRES,27370,27011,49.21880,0.92530,0,27,Saint-Amand-des-Hautes-Terres
SAINT ANASTAISE,63610,63038,45.49840,2.91030,0,63,Saint-Anastaise
SAINT ANDEOL DE CLERGUEMORT,48240,48152,44.29750,3.87640,0,48,Saint-Andéol-de-Clerguemort
SAINT ANDEOL LE CHATEAU,69700,69179,45.58980,4.70410,0,69,Saint-Andéol-le-Château
SAINT ANDOCHE,70600,70247,47.65020,5.66370,0,70,Saint-Andoche
SAINT ANDRE DE LA MARCHE,49710,49301,47.08780,-1.09680,0,49,Saint-André-de-la-Marche
SAINT ANDRE TREIZE VOIES,85260,85197,46.91040,-1.43140,0,85,Saint-André-Treize-Voies
SAINT ANGE LE VIEL,77710,77504,48.27310,2.87840,0,77,Saint-Ange-le-Viel
SAINT ANTOINE D AUBEROCHE,24640,24026,45.15770,0.88000,0,24,Saint-Antoine-d'Auberoche
SAINT ANTONIN DE LACALM,81120,81233,43.80810,2.26930,0,81,Saint-Antonin-de-Lacalm
SAINT AQUILIN DE PACY,27120,27448,49.01900,1.37640,0,27,Saint-Aquilin-de-Pacy
SAINT AUBERT SUR ORNE,61210,61339,48.77110,-0.28890,0,61,Saint-Aubert-sur-Orne
SAINT AUBIN CHATEAU NEUF,89110,89334,47.82430,3.29600,0,89,Saint-Aubin-Château-Neuf
SAINT AUBIN DE BAUBIGNE,79700,79079,46.94300,-0.75650,0,79,Saint-Aubin-de-Baubigné
SAINT AUBIN DE LUIGNE,49750,49292,47.31350,-0.65290,0,49,Saint-Aubin-de-Luigné
SAINT AUBIN DES GROIS,61340,61309,48.35850,0.69580,0,61,Saint-Aubin-des-Grois
SAINT AUBIN DES HAYES,27410,27049,48.98690,0.67010,0,27,Saint-Aubin-des-Hayes
SAINT AUBIN DU PAVAIL,35410,35069,48.04810,-1.47510,0,35,Saint-Aubin-du-Pavail
SAINT AUBIN DU PERRON,50490,50550,49.13420,-1.41170,0,50,Saint-Aubin-du-Perron
SAINT AUBIN LE GUICHARD,27410,27049,48.98690,0.67010,0,27,Saint-Aubin-le-Guichard
SAINT AUBIN LE VERTUEUX,27300,27516,49.05740,0.62490,0,27,Saint-Aubin-le-Vertueux
SAINT AUBIN LEBIZAY,14340,14231,49.21110,0.02310,0,14,Saint-Aubin-Lébizay
SAINT AULAYE,24410,24376,45.18170,0.11440,0,24,Saint-Aulaye
SAINT BARBANT,87330,87028,46.22930,0.89870,0,87,Saint-Barbant
SAINT BAULD,37310,37254,47.21280,0.82660,0,37,Saint-Bauld
SAINT BAZILE DE LA ROCHE,19400,19010,45.11660,1.93190,0,19,Saint-Bazile-de-la-Roche
SAINT BENOIT EN WOEVRE,55210,55551,48.98630,5.73460,0,55,Saint-Benoît-en-Woëvre
SAINT BLANCARD,32420,32365,43.36270,0.66790,0,32,Saint-Blancard
SAINT BOIS,01300,01015,45.71890,5.64040,0,01,Saint-Bois
SAINT BONNET AVALOUZE,19150,19101,45.24750,1.80650,0,19,Saint-Bonnet-Avalouze
SAINT BONNET DE MONTAUROUX,48600,48139,44.81050,3.70960,0,48,Saint-Bonnet-de-Montauroux
SAINT BONNET DE VALCLERIEUX,26350,26210,45.21760,5.14230,0,26,Saint-Bonnet-de-Valclérieux
SAINT BRICE EN COGLES,35460,35257,48.39750,-1.34840,0,35,Saint-Brice-en-Coglès
SAINT CAPRAIS DE BLAYE,33860,33380,45.27600,-0.50990,0,33,Saint-Caprais-de-Blaye
SAINT CENERE,53150,53161,48.16360,-0.55750,0,53,Saint-Céneré
SAINT CERNIN DE REILLAC,24580,24356,45.04860,0.96960,0,24,Saint-Cernin-de-Reillac
SAINT CHARLES DE PERCY,14410,14726,48.86190,-0.71730,0,14,Saint-Charles-de-Percy
SAINT CHARTRES,86330,86161,46.87680,0.00330,0,86,Saint-Chartres
SAINT CHRISTOPHE DU LUAT,53600,53097,48.14230,-0.43280,0,53,Saint-Christophe-du-Luat
SAINT CHRISTOPHE LA COUPERIE,49530,49126,47.30420,-1.21350,0,49,Saint-Christophe-la-Couperie
SAINT CHRISTOPHE LE JAJOLET,61570,61375,48.67650,0.00840,0,61,Saint-Christophe-le-Jajolet
SAINT CHRISTOPHE LES GORGES,15700,15153,45.14680,2.25630,0,15,Saint-Christophe-les-Gorges
SAINT CIRGUES SUR COUZE,63320,63109,45.55380,3.15020,0,63,Saint-Cirgues-sur-Couze
SAINT CLAIR D ARCEY,27300,27516,49.05740,0.62490,0,27,Saint-Clair-d'Arcey
SAINT COME DU MONT,50620,50099,49.30610,-1.21180,0,50,Saint-Côme-du-Mont
SAINT CONSTANT,15600,15181,44.68930,2.26540,0,15,Saint-Constant
SAINT CORNIER DES LANDES,61800,61486,48.72830,-0.73370,0,61,Saint-Cornier-des-Landes
SAINT CREPIN DE RICHEMONT,24530,24064,45.37560,0.65960,0,24,Saint-Crépin-de-Richemont
SAINT CRESPIN SUR MOINE,49710,49301,47.08780,-1.09680,0,49,Saint-Crespin-sur-Moine
SAINT CYPRIEN SUR DOURDOU,12320,12218,44.58170,2.38950,0,12,Saint-Cyprien-sur-Dourdou
SAINT CYR DU RONCERAY,14290,14570,49.06140,0.33360,0,14,Saint-Cyr-du-Ronceray
SAINT CYR EN BOURG,49400,49060,47.17810,-0.04490,0,49,Saint-Cyr-en-Bourg
SAINT DAUNES,46800,46263,44.37080,1.25600,0,46,Saint-Daunès
SAINT DENIS D AUTHOU,28480,28331,48.35060,1.00290,0,28,Saint-Denis-d'Authou
SAINT DENIS DE VILLENETTE,61330,61211,48.52690,-0.52050,0,61,Saint-Denis-de-Villenette
SAINT DENIS DU PIN,17400,17277,45.99580,-0.54120,0,17,Saint-Denis-du-Pin
SAINT DENIS MAISONCELLES,14350,14061,48.96160,-0.84000,0,14,Saint-Denis-Maisoncelles
SAINT DENIS SUR OUANNE,89120,89086,47.87860,3.10730,0,89,Saint-Denis-sur-Ouanne
SAINT DIDIER D ALLIER,43580,43221,44.99580,3.67040,0,43,Saint-Didier-d'Allier
SAINT DIDIER SOUS ECOUVES,61420,61228,48.51820,-0.01350,0,61,Saint-Didier-sous-Écouves
SAINT DIDIER SOUS RIVERIE,69440,69228,45.58530,4.61870,0,69,Saint-Didier-sous-Riverie
SAINT DIZIER LEYRENNE,23400,23189,46.00490,1.71490,0,23,Saint-Dizier-Leyrenne
SAINT EBREMOND DE BONFOSSE,50750,50095,49.07060,-1.15830,0,50,Saint-Ébremond-de-Bonfossé
SAINT ETIENNE EN COGLES,35460,35257,48.39750,-1.34840,0,35,Saint-Étienne-en-Coglès
SAINT FLORENT DES BOIS,85310,85213,46.58960,-1.33450,0,85,Saint-Florent-des-Bois
SAINT FLORENT LE VIEIL,49620,49244,47.34350,-0.93510,0,49,Saint-Florent-le-Vieil
SAINT FORT,53200,53062,47.82100,-0.70100,0,53,Saint-Fort
SAINT FREZAL DE VENTALON,48240,48152,44.29750,3.87640,0,48,Saint-Frézal-de-Ventalon
SAINT GELVEN,22570,22107,48.21470,-3.11610,0,22,Saint-Gelven
SAINT GENIEZ D OLT,12130,12224,44.51120,3.00770,0,12,Saint-Geniez-d'Olt
SAINT GENIS DU BOIS,33760,33008,44.68210,-0.22650,0,33,Saint-Genis-du-Bois
SAINT GENIX SUR GUIERS,73240,73236,45.61020,5.67030,0,73,Saint-Genix-sur-Guiers
SAINT GEORGES D AUNAY,14310,14579,49.03170,-0.69750,0,14,Saint-Georges-d'Aunay
SAINT GEORGES DE BOHON,50500,50564,49.25400,-1.29580,0,50,Saint-Georges-de-Bohon
SAINT GEORGES DE CHESNE,35140,35282,48.28780,-1.34210,0,35,Saint-Georges-de-Chesné
SAINT GEORGES DE LEVEJAC,48500,48094,44.30800,3.20550,0,48,Saint-Georges-de-Lévéjac
SAINT GEORGES DE LONGUEPIERRE,17470,17268,46.03070,-0.40430,0,17,Saint-Georges-de-Longuepierre
SAINT GEORGES DE MONTAIGU,85600,85146,46.97410,-1.29230,0,85,Saint-Georges-de-Montaigu
SAINT GEORGES DES GARDES,49750,49092,47.22110,-0.69640,0,49,Saint-Georges-des-Gardes
SAINT GEORGES DES SEPT VOIES,49350,49261,47.34240,-0.23520,0,49,Saint-Georges-des-Sept-Voies
SAINT GEORGES EN AUGE,14170,14654,48.98730,0.02520,0,14,Saint-Georges-en-Auge
SAINT GEORGES SUR LAYON,49700,49125,47.19880,-0.30530,0,49,Saint-Georges-sur-Layon
SAINT GERAND,56920,56213,48.11900,-2.88250,0,56,Saint-Gérand
SAINT GERMAIN D ECTOT,14250,14581,49.13380,-0.69930,0,14,Saint-Germain-d'Ectot
SAINT GERMAIN DE CONFOLENS,16500,16106,46.02450,0.66390,0,16,Saint-Germain-de-Confolens
SAINT GERMAIN DE MARENCENNES,17700,17340,46.07200,-0.79900,0,17,Saint-Germain-de-Marencennes
SAINT GERMAIN DE MONTGOMMERY,14140,14576,48.95700,0.16210,0,14,Saint-Germain-de-Montgommery
SAINT GERMAIN DE TALLEVENDE LA LANDE VAUMONT,14500,14762,48.81990,-0.87000,0,14,Saint-Germain-de-Tallevende-la-Lande-Vaumont
SAINT GERMAIN DES VAUX,50690,50041,49.65460,-1.82140,0,50,Saint-Germain-des-Vaux
SAINT GERMAIN DU CRIOULT,14770,14174,48.88520,-0.57790,0,14,Saint-Germain-du-Crioult
SAINT GERMAIN L AIGUILLER,85390,85154,46.66890,-0.84530,0,85,Saint-Germain-l'Aiguiller
SAINT GERMAIN LA CHAMBOTTE,73410,73010,45.78650,5.91490,0,73,Saint-Germain-la-Chambotte
SAINT GERMAIN LA GATINE,28300,28034,48.53650,1.45690,0,28,Saint-Germain-la-Gâtine
SAINT GERMAIN LES ARLAY,39210,39017,46.76700,5.53830,0,39,Saint-Germain-lès-Arlay
SAINT GERMAIN SUR L ARBRESLE,69210,69208,45.86040,4.61670,0,69,Saint-Germain-sur-l'Arbresle
SAINT GERMAIN SUR MOINE,49710,49301,47.08780,-1.09680,0,49,Saint-Germain-sur-Moine
SAINT GERMAIN SUR SARTHE,72130,72138,48.28550,0.08120,0,72,Saint-Germain-sur-Sarthe
SAINT GILLES DU MENE,22330,22046,48.28370,-2.51440,0,22,Saint-Gilles-du-Mené
SAINT GIROD,73410,73010,45.78650,5.91490,0,73,Saint-Girod
SAINT GOUENO,22330,22046,48.28370,-2.51440,0,22,Saint-Gouéno
SAINT GUEN,22530,22158,48.19550,-2.94810,0,22,Saint-Guen
SAINT HERBLON,44150,44163,47.40190,-1.10950,0,44,Saint-Herblon
SAINT HILAIRE AU TEMPLE,51400,51485,49.04190,4.38630,0,51,Saint-Hilaire-au-Temple
SAINT HILAIRE DE LOULAY,85600,85146,46.97410,-1.29230,0,85,Saint-Hilaire-de-Loulay
SAINT HILAIRE LA GERARD,61570,61294,48.62420,0.07450,0,61,Saint-Hilaire-la-Gérard
SAINT HILAIRE SAINT FLORENT,49400,49328,47.26450,-0.08370,0,49,Saint-Hilaire-Saint-Florent
SAINT JACQUES DES ARRETS,69860,69135,46.23790,4.56310,0,69,Saint-Jacques-des-Arrêts
SAINT JACUT DU MENE,22330,22046,48.28370,-2.51440,0,22,Saint-Jacut-du-Mené
SAINT JEAN D ARDIERES,69220,69019,46.11450,4.72910,0,69,Saint-Jean-d'Ardières
SAINT JEAN D EYRAUD,24140,24259,44.93550,0.48360,0,24,Saint-Jean-d'Eyraud
SAINT JEAN DE BELLEVILLE,73600,73257,45.36280,6.50600,0,73,Saint-Jean-de-Belleville
SAINT JEAN DE BEUGNE,85210,85223,46.55190,-1.08810,0,85,Saint-Jean-de-Beugné
SAINT JEAN DE LA FORET,61340,61309,48.35850,0.69580,0,61,Saint-Jean-de-la-Forêt
SAINT JEAN DE LINIERES,49170,49298,47.46090,-0.70690,0,49,Saint-Jean-de-Linières
SAINT JEAN DE POURCHARESSE,07140,07284,44.47850,4.09710,0,07,Saint-Jean-de-Pourcharesse
SAINT JEAN DE TOUSLAS,69700,69179,45.58980,4.70410,0,69,Saint-Jean-de-Touslas
SAINT JEAN DES BAISANTS,50810,50492,49.09340,-0.95510,0,50,Saint-Jean-des-Baisants
SAINT JEAN DES BOIS,61800,61486,48.72830,-0.73370,0,61,Saint-Jean-des-Bois
SAINT JEAN DES ESSARTIERS,14350,14672,49.05720,-0.82950,0,14,Saint-Jean-des-Essartiers
SAINT JEAN DES MAUVRETS,49610,49167,47.38510,-0.47270,0,49,Saint-Jean-des-Mauvrets
SAINT JEAN DU CORAIL,50140,50359,48.60770,-0.92590,0,50,Saint-Jean-du-Corail
SAINT JEAN LE PRICHE,71000,71270,46.32650,4.80830,0,71,Saint-Jean-le-Priche
SAINT JEAN SUR COUESNON,35140,35282,48.28780,-1.34210,0,35,Saint-Jean-sur-Couesnon
SAINT JEAN SUR ERVE,53270,53228,48.04800,-0.36080,0,53,Saint-Jean-sur-Erve
SAINT JORES,50250,50273,49.30530,-1.44170,0,50,Saint-Jores
SAINT JOUIN DE MARNES,79600,79196,46.90830,-0.09850,0,79,Saint-Jouin-de-Marnes
SAINT JOUIN DE MILLY,79380,79179,46.70970,-0.59270,0,79,Saint-Jouin-de-Milly
SAINT JULIEN D ARPAON,48400,48166,44.28340,3.64430,0,48,Saint-Julien-d'Arpaon
SAINT JULIEN D EYMET,24500,24423,44.71610,0.39730,0,24,Saint-Julien-d'Eymet
SAINT JULIEN DE BOURDEILLES,24530,24064,45.37560,0.65960,0,24,Saint-Julien-de-Bourdeilles
SAINT JULIEN DE CREMPSE,24140,24259,44.93550,0.48360,0,24,Saint-Julien-de-Crempse
SAINT JULIEN DE MAILLOC,14290,14570,49.06140,0.33360,0,14,Saint-Julien-de-Mailloc
SAINT JULIEN DU TOURNEL,48250,48027,44.50990,3.74900,0,48,Saint-Julien-du-Tournel
SAINT JULIEN LA VETRE,42440,42245,45.81870,3.84480,0,42,Saint-Julien-la-Vêtre
SAINT JULIEN LABROUSSE,07160,07165,44.92000,4.49680,0,07,Saint-Julien-Labrousse
SAINT JULIEN LE FAUCON,14370,14431,49.08600,-0.01690,0,14,Saint-Julien-le-Faucon
SAINT JUST DE BELENGARD,11240,11128,43.09870,2.01680,0,11,Saint-Just-de-Bélengard
SAINT JUST SUR LOIRE,42170,42279,45.49190,4.24640,0,42,Saint-Just-sur-Loire
SAINT LAMBERT DES LEVEES,49400,49328,47.26450,-0.08370,0,49,Saint-Lambert-des-Levées
SAINT LAMBERT DU LATTAY,49750,49292,47.31350,-0.65290,0,49,Saint-Lambert-du-Lattay
SAINT LAUNEUC,22230,22147,48.19610,-2.39460,0,22,Saint-Launeuc
SAINT LAURENT D OINGT,69620,69024,45.93860,4.56680,0,69,Saint-Laurent-d'Oingt
SAINT LAURENT DE LA PLAINE,49620,49244,47.34350,-0.93510,0,49,Saint-Laurent-de-la-Plaine
SAINT LAURENT DE TREVES,48400,48166,44.28340,3.64430,0,48,Saint-Laurent-de-Trèves
SAINT LAURENT DES AUTELS,49530,49126,47.30420,-1.21350,0,49,Saint-Laurent-des-Autels
SAINT LAURENT DES BATONS,24510,24362,44.97310,0.77330,0,24,Saint-Laurent-des-Bâtons
SAINT LAURENT DES MORTIERS,53290,53029,47.79180,-0.56330,0,53,Saint-Laurent-des-Mortiers
SAINT LAURENT DU MOTTAY,49620,49244,47.34350,-0.93510,0,49,Saint-Laurent-du-Mottay
SAINT LAURENT LOLMIE,46800,46262,44.31250,1.26840,0,46,Saint-Laurent-Lolmie
SAINT LAURENT ROCHEFORT,42130,42084,45.77750,3.91860,0,42,Saint-Laurent-Rochefort
SAINT LAURENT SUR MANOIRE,24750,24053,45.13850,0.78780,0,24,Saint-Laurent-sur-Manoire
SAINT LEGER DE LA MARTINIERE,79500,79174,46.20820,-0.14400,0,79,Saint-Léger-de-la-Martinière
SAINT LEGER DES BOIS,49170,49298,47.46090,-0.70690,0,49,Saint-Léger-des-Bois
SAINT LEZIN,49750,49092,47.22110,-0.69640,0,49,Saint-Lézin
SAINT LIEUX LAFENASSE,81120,81233,43.80810,2.26930,0,81,Saint-Lieux-Lafenasse
SAINT LO D OURVILLE,50580,50412,49.34030,-1.68880,0,50,Saint-Lô-d'Ourville
SAINT LOUP DE FRIBOIS,14340,14527,49.11840,-0.01920,0,14,Saint-Loup-de-Fribois
SAINT LOYER DES CHAMPS,61570,61375,48.67650,0.00840,0,61,Saint-Loyer-des-Champs
SAINT LUPICIN,39170,39491,46.41330,5.79850,0,39,Saint-Lupicin
SAINT M HERVON,35360,35184,48.20750,-2.06180,0,35,Saint-M'Hervon
SAINT MACAIRE EN MAUGES,49710,49301,47.08780,-1.09680,0,49,Saint-Macaire-en-Mauges
SAINT MACOUX,86400,86247,46.14230,0.22830,0,86,Saint-Macoux
SAINT MAMERT,69860,69135,46.23790,4.56310,0,69,Saint-Mamert
SAINT MANVIEU BOCAGE,14380,14658,48.82970,-1.02800,0,14,Saint-Manvieu-Bocage
SAINT MARC SUR COUESNON,35140,35282,48.28780,-1.34210,0,35,Saint-Marc-sur-Couesnon
SAINT MARS DE LOCQUENAY,72440,72382,47.94090,0.49290,0,72,Saint-Mars-de-Locquenay
SAINT MARS LA JAILLE,44540,44180,47.53490,-1.14140,0,44,Saint-Mars-la-Jaille
SAINT MARSAULT,79380,79123,46.76270,-0.64660,0,79,Saint-Marsault
SAINT MARTIN BELLEVUE,74570,74282,46.00570,6.22750,0,74,Saint-Martin-Bellevue
SAINT MARTIN D ARCE,49150,49018,47.55980,-0.11430,0,49,Saint-Martin-d'Arcé
SAINT MARTIN DE BELLEVILLE,73600,73257,45.36280,6.50600,0,73,Saint-Martin-de-Belleville
SAINT MARTIN DE CONNEE,53160,53249,48.21690,-0.21440,0,53,Saint-Martin-de-Connée
SAINT MARTIN DE FONTENAY,14320,14408,49.10790,-0.35900,0,14,Saint-Martin-de-Fontenay
SAINT MARTIN DE LA PLACE,49350,49261,47.34240,-0.23520,0,49,Saint-Martin-de-la-Place
SAINT MARTIN DE LAMPS,36110,36093,46.97440,1.59190,0,36,Saint-Martin-de-Lamps
SAINT MARTIN DE LANDELLES,50730,50484,48.56800,-1.13870,0,50,Saint-Martin-de-Landelles
SAINT MARTIN DE SALLEN,14220,14689,48.98710,-0.52220,0,14,Saint-Martin-de-Sallen
SAINT MARTIN DE VERS,46360,46252,44.58740,1.56610,0,46,Saint-Martin-de-Vers
SAINT MARTIN DES BESACES,14350,14061,48.96160,-0.84000,0,14,Saint-Martin-des-Besaces
SAINT MARTIN DON,14350,14061,48.96160,-0.84000,0,14,Saint-Martin-Don
SAINT MARTIN DU MESNIL OURY,14290,14371,49.00140,0.22310,0,14,Saint-Martin-du-Mesnil-Oury
SAINT MARTIN EN CAMPAGNE,76910,76618,49.96120,1.23430,0,76,Saint-Martin-en-Campagne
SAINT MARTIN LE HEBERT,50260,50082,49.46210,-1.66280,0,50,Saint-Martin-le-Hébert
SAINT MARTIN LES MELLE,79500,79174,46.20820,-0.14400,0,79,Saint-Martin-lès-Melle
SAINT MARTIN SEPERT,19210,19248,45.44640,1.49250,0,19,Saint-Martin-Sepert
SAINT MARTIN SUR LA RENNE,52330,52031,48.12690,4.97600,0,52,Saint-Martin-sur-la-Renne
SAINT MARTIN SUR OREUSE,89260,89414,48.29860,3.38310,0,89,Saint-Martin-sur-Oreuse
SAINT MARTIN SUR OUANNE,89120,89086,47.87860,3.10730,0,89,Saint-Martin-sur-Ouanne
SAINT MATHURIN SUR LOIRE,49800,49307,47.46950,-0.37340,0,49,Saint-Mathurin-sur-Loire
SAINT MATRE,46800,46033,44.41400,1.13540,0,46,Saint-Matré
SAINT MAURICE DE ROTHERENS,73240,73236,45.61020,5.67030,0,73,Saint-Maurice-de-Rotherens
SAINT MAURICE DU DESERT,61600,61463,48.61290,-0.42590,0,61,Saint-Maurice-du-Désert
SAINT MAURICE LA FOUGEREUSE,79150,79280,47.03430,-0.52810,0,79,Saint-Maurice-la-Fougereuse
SAINT MAURICE LES CHARENCEY,61190,61429,48.63940,0.75970,0,61,Saint-Maurice-lès-Charencey
SAINT MAURICE SUR DARGOIRE,69440,69228,45.58530,4.61870,0,69,Saint-Maurice-sur-Dargoire
SAINT MEME LE TENU,44270,44087,47.00570,-1.80630,0,44,Saint-Même-le-Tenu
SAINT MICHEL DE FEINS,53290,53029,47.79180,-0.56330,0,53,Saint-Michel-de-Feins
SAINT MICHEL DE LA PIERRE,50490,50550,49.13420,-1.41170,0,50,Saint-Michel-de-la-Pierre
SAINT MICHEL DE LIVET,14290,14371,49.00140,0.22310,0,14,Saint-Michel-de-Livet
SAINT MICHEL DE RIVIERE,24490,24354,45.12920,0.04940,0,24,Saint-Michel-de-Rivière
SAINT MICHEL DES ANDAINES,61600,61483,48.56960,-0.41740,0,61,Saint-Michel-des-Andaines
SAINT MICHEL ET CHANVEAUX,49520,49248,47.72320,-1.10860,0,49,Saint-Michel-et-Chanveaux
SAINT MICHEL L ECLUSE ET LEPARON,24490,24354,45.12920,0.04940,0,24,Saint-Michel-l'Écluse-et-Léparon
SAINT MICHEL MONT MERCURE,85700,85090,46.84050,-0.85110,0,85,Saint-Michel-Mont-Mercure
SAINT NICOLAS COURBEFY,87230,87027,45.60830,1.05000,0,87,Saint-Nicolas-Courbefy
SAINT NICOLAS D ATTEZ,27160,27578,48.80280,0.97430,0,27,Saint-Nicolas-d'Attez
SAINT NICOLAS DE BLIQUETUIT,76940,76401,49.46540,0.74920,0,76,Saint-Nicolas-de-Bliquetuit
SAINT NICOLAS DES LAITIERS,61550,61167,48.84360,0.49510,0,61,Saint-Nicolas-des-Laitiers
SAINT OUEN D ATTEZ,27160,27578,48.80280,0.97430,0,27,Saint-Ouen-d'Attez
SAINT OUEN DE LA COUR,61400,61196,48.38410,0.50390,0,61,Saint-Ouen-de-la-Cour
SAINT OUEN DES BESACES,14350,14061,48.96160,-0.84000,0,14,Saint-Ouen-des-Besaces
SAINT OUEN DES CHAMPS,27680,27263,49.39090,0.55530,0,27,Saint-Ouen-des-Champs
SAINT OUEN DES VALLONS,53150,53161,48.16360,-0.55750,0,53,Saint-Ouën-des-Vallons
SAINT OUEN LA ROUERIE,35560,35004,48.44100,-1.46500,0,35,Saint-Ouen-la-Rouërie
SAINT OUEN LE HOUX,14290,14371,49.00140,0.22310,0,14,Saint-Ouen-le-Houx
SAINT OUEN SUR MAIRE,61200,61153,48.72320,-0.13160,0,61,Saint-Ouen-sur-Maire
SAINT OYEN,73260,73003,45.51510,6.51620,0,73,Saint-Oyen
SAINT PANCRASSE,38660,38395,45.33430,5.88270,0,38,Saint-Pancrasse
SAINT PANTALY D ANS,24640,24147,45.23250,0.96230,0,24,Saint-Pantaly-d'Ans
SAINT PARDOUX CORBIER,19210,19248,45.44640,1.49250,0,19,Saint-Pardoux-Corbier
SAINT PATERNE,72610,72308,48.41670,0.12500,0,72,Saint-Paterne
SAINT PAUL DE COURTONNE,14290,14194,49.08560,0.37550,0,14,Saint-Paul-de-Courtonne
SAINT PAUL DE LOUBRESSAC,46170,46103,44.28590,1.42550,0,46,Saint-Paul-de-Loubressac
SAINT PAUL DE VEZELIN,42590,42268,45.88580,4.05780,0,42,Saint-Paul-de-Vézelin
SAINT PELLERIN,50620,50099,49.30610,-1.21180,0,50,Saint-Pellerin
SAINT PERAVY EPREUX,45480,45240,48.21510,2.02150,0,45,Saint-Péravy-Épreux
SAINT PHILBERT DU PONT CHARRAULT,85110,85051,46.66990,-1.04500,0,85,Saint-Philbert-du-Pont-Charrault
SAINT PHILBERT EN MAUGES,49600,49023,47.20280,-0.98440,0,49,Saint-Philbert-en-Mauges
SAINT PIERRE A CHAMP,79290,79063,47.03510,-0.34500,0,79,Saint-Pierre-à-Champ
SAINT PIERRE DE CAUBEL,47380,47206,44.46370,0.57190,0,47,Saint-Pierre-de-Caubel
SAINT PIERRE DE MAILLOC,14290,14570,49.06140,0.33360,0,14,Saint-Pierre-de-Mailloc
SAINT PIERRE DE PLESGUEN,35720,35308,48.46390,-1.87600,0,35,Saint-Pierre-de-Plesguen
SAINT PIERRE DU MESNIL,27410,27049,48.98690,0.67010,0,27,Saint-Pierre-du-Mesnil
SAINT PIERRE LA RIVIERE,61310,61474,48.78510,0.11260,0,61,Saint-Pierre-la-Rivière
SAINT PIERRE LA VIEILLE,14770,14174,48.88520,-0.57790,0,14,Saint-Pierre-la-Vieille
SAINT PIERRE LAVIS,76640,76258,49.65170,0.60390,0,76,Saint-Pierre-Lavis
SAINT PIERRE MONTLIMART,49600,49218,47.24940,-1.02040,0,49,Saint-Pierre-Montlimart
SAINT PIERRE SUR DIVES,14170,14654,48.98730,0.02520,0,14,Saint-Pierre-sur-Dives
SAINT PIERRE SUR ORTHE,53160,53249,48.21690,-0.21440,0,53,Saint-Pierre-sur-Orthe
SAINT PIERRE TARENTAINE,14350,14061,48.96160,-0.84000,0,14,Saint-Pierre-Tarentaine
SAINT POL SUR MER,59640,59183,51.01830,2.34310,0,59,Saint-Pol-sur-Mer
SAINT PRIEST LE BETOUX,87290,87180,46.19690,1.29710,0,87,Saint-Priest-le-Betoux
SAINT PROJET SAINT CONSTANT,16110,16281,45.73600,0.35830,0,16,Saint-Projet-Saint-Constant
SAINT QUENTIN AU BOSC,76910,76618,49.96120,1.23430,0,76,Saint-Quentin-au-Bosc
SAINT QUENTIN DES ISLES,27300,27516,49.05740,0.62490,0,27,Saint-Quentin-des-Isles
SAINT QUENTIN EN MAUGES,49600,49218,47.24940,-1.02040,0,49,Saint-Quentin-en-Mauges
SAINT QUENTIN LES BEAUREPAIRE,49150,49018,47.55980,-0.11430,0,49,Saint-Quentin-lès-Beaurepaire
SAINT QUENTIN LES TROO,41800,41149,47.76480,0.84310,0,41,Saint-Quentin-lès-Troo
SAINT REMY DE SALERS,15140,15202,45.12160,2.44520,0,15,Saint-Rémy-de-Salers
SAINT REMY DES LANDES,50580,50236,49.28730,-1.59660,0,50,Saint-Rémy-des-Landes
SAINT REMY EN MAUGES,49600,49218,47.24940,-1.02040,0,49,Saint-Rémy-en-Mauges
SAINT REMY LA VARENNE,49320,49050,47.33920,-0.40870,0,49,Saint-Rémy-la-Varenne
SAINT RIGOMER DES BOIS,72610,72137,48.43030,0.23650,0,72,Saint-Rigomer-des-Bois
SAINT ROME DE DOLAN,48500,48094,44.30800,3.20550,0,48,Saint-Rome-de-Dolan
SAINT ROMPHAIRE,50750,50546,49.03650,-1.13200,0,50,Saint-Romphaire
SAINT SALVADOU,12240,12021,44.30560,2.13690,0,12,Saint-Salvadou
SAINT SAMSON DE BONFOSSE,50750,50546,49.03650,-1.13200,0,50,Saint-Samson-de-Bonfossé
SAINT SATURNIN SUR LOIRE,49320,49050,47.33920,-0.40870,0,49,Saint-Saturnin-sur-Loire
SAINT SAUVEUR DE FLEE,49520,49331,47.71110,-0.85400,0,49,Saint-Sauveur-de-Flée
SAINT SAUVEUR DE LANDEMONT,49530,49126,47.30420,-1.21350,0,49,Saint-Sauveur-de-Landemont
SAINT SAUVEUR DE PEYRE,48130,48009,44.69230,3.27300,0,48,Saint-Sauveur-de-Peyre
SAINT SAUVEUR LA VALLEE,46240,46138,44.64410,1.60400,0,46,Saint-Sauveur-la-Vallée
SAINT SAUVEUR LENDELIN,50490,50550,49.13420,-1.41170,0,50,Saint-Sauveur-Lendelin
SAINT SAVIOL,86400,86247,46.14230,0.22830,0,86,Saint-Saviol
SAINT SEVER CALVADOS,14380,14658,48.82970,-1.02800,0,14,Saint-Sever-Calvados
SAINT SIMEUX,16120,16233,45.62700,-0.02760,0,16,Saint-Simeux
SAINT SORLIN,69440,69228,45.58530,4.61870,0,69,Saint-Sorlin
SAINT SULPICE DE COGNAC,16370,16097,45.74800,-0.37400,0,16,Saint-Sulpice-de-Cognac
SAINT SULPICE DE MAREUIL,24340,24253,45.44760,0.51070,0,24,Saint-Sulpice-de-Mareuil
SAINT SULPICE EN PAREDS,85410,85292,46.60130,-0.84210,0,85,Saint-Sulpice-en-Pareds
SAINT SULPICE LE VERDON,85260,85197,46.91040,-1.43140,0,85,Saint-Sulpice-le-Verdon
SAINT SYLVAIN D ANJOU,49480,49323,47.51820,-0.47460,0,49,Saint-Sylvain-d'Anjou
SAINT SYMPHORIEN DES MONTS,50640,50090,48.52450,-0.97470,0,50,Saint-Symphorien-des-Monts
SAINT SYMPHORIEN LE VALOIS,50580,50236,49.28730,-1.59660,0,50,Saint-Symphorien-le-Valois
SAINT SYMPHORIEN SUR COUZE,87250,87128,46.05560,1.25060,0,87,Saint-Symphorien-sur-Couze
SAINT THEGONNEC,29410,29266,48.51130,-3.93870,0,29,Saint-Thégonnec
SAINT THIBAUT,02220,02054,49.29910,3.61840,0,02,Saint-Thibaut
SAINT THURIN,42440,42245,45.81870,3.84480,0,42,Saint-Thurin
SAINT URSIN,50320,50493,48.82440,-1.46610,0,50,Saint-Ursin
SAINT VALBERT,70300,70245,47.89250,6.42030,0,70,Saint-Valbert
SAINT VICTOR DE RENO,61290,61230,48.54190,0.80330,0,61,Saint-Victor-de-Réno
SAINT VIGOR DES MEZERETS,14770,14357,48.92780,-0.65310,0,14,Saint-Vigor-des-Mézerets
SAINT VINCENT LES FORTS,04340,04033,44.44470,6.31900,0,04,Saint-Vincent-les-Forts
SAINT VINCENT PUYMAUFRAIS,85480,85034,46.62890,-1.13900,0,85,Saint-Vincent-Puymaufrais
SAINT VINNEMER,89430,89407,47.84820,4.08310,0,89,Saint-Vinnemer
SAINT WANDRILLE RANCON,76490,76164,49.52660,0.71840,0,76,Saint-Wandrille-Rançon
SAINT YBARD,19210,19248,45.44640,1.49250,0,19,Saint-Ybard
SAINT YTHAIRE,71460,71042,46.55900,4.61740,0,71,Saint-Ythaire
SAINTE ALAUZIE,46170,46063,44.26770,1.35250,0,46,Sainte-Alauzie
SAINTE ALVERE,24510,24362,44.97310,0.77330,0,24,Sainte-Alvère
SAINTE BARBE SUR GAILLON,27940,27022,49.17120,1.32040,0,27,Sainte-Barbe-sur-Gaillon
SAINTE COLOMBE DE PEYRE,48130,48009,44.69230,3.27300,0,48,Sainte-Colombe-de-Peyre
SAINTE COLOMBE SUR LOING,89520,89420,47.55910,3.18880,0,89,Sainte-Colombe-sur-Loing
SAINTE CROIX GRAND TONNE,14740,14098,49.19630,-0.53980,0,14,Sainte-Croix-Grand-Tonne
SAINTE CROIX HAGUE,50690,50041,49.65460,-1.82140,0,50,Sainte-Croix-Hague
SAINTE CROIX SUR AIZIER,27500,27107,49.40130,0.62190,0,27,Sainte-Croix-sur-Aizier
SAINTE CROIX SUR ORNE,61210,61339,48.77110,-0.28890,0,61,Sainte-Croix-sur-Orne
SAINTE ENIMIE,48320,48146,44.36350,3.45740,0,48,Sainte-Enimie
SAINTE EULALIE D EYMET,24500,24423,44.71610,0.39730,0,24,Sainte-Eulalie-d'Eymet
SAINTE FOY DE MONTGOMMERY,14140,14576,48.95700,0.16210,0,14,Sainte-Foy-de-Montgommery
SAINTE GEMMES,41290,41171,47.81040,1.27560,0,41,Sainte-Gemmes
SAINTE GEMMES D ANDIGNE,49520,49331,47.71110,-0.85400,0,49,Sainte-Gemmes-d'Andigné
SAINTE HERMINE,85210,85223,46.55190,-1.08810,0,85,Sainte-Hermine
SAINTE HONORINE DES PERTES,14710,14591,49.33560,-0.81110,0,14,Sainte-Honorine-des-Pertes
SAINTE INNOCENCE,24500,24423,44.71610,0.39730,0,24,Sainte-Innocence
SAINTE LIVIERE,52290,52182,48.56980,4.83400,0,52,Sainte-Livière
SAINTE MARGUERITE DE VIETTE,14170,14654,48.98730,0.02520,0,14,Sainte-Marguerite-de-Viette
SAINTE MARGUERITE DES LOGES,14290,14371,49.00140,0.22310,0,14,Sainte-Marguerite-des-Loges
SAINTE MARGUERITE EN OUCHE,27410,27049,48.98690,0.67010,0,27,Sainte-Marguerite-en-Ouche
SAINTE MARGUERITE SUR FAUVILLE,76640,76258,49.65170,0.60390,0,76,Sainte-Marguerite-sur-Fauville
SAINTE MARIE DE CHIGNAC,24750,24053,45.13850,0.78780,0,24,Sainte-Marie-de-Chignac
SAINTE MARIE LAUMONT,14350,14061,48.96160,-0.84000,0,14,Sainte-Marie-Laumont
SAINTE OSMANE,72120,72128,47.88370,0.62010,0,72,Sainte-Osmane
SAINTE SABINE BORN,24440,24028,44.73870,0.75520,0,24,Sainte-Sabine-Born
SAINTENY,50500,50564,49.25400,-1.29580,0,50,Sainteny
SALENTHAL,67440,67004,48.66010,7.35650,0,67,Salenthal
SALINS LES THERMES,73600,73284,45.46750,6.52620,0,73,Salins-les-Thermes
SARAZ,25330,25223,47.01380,5.99860,0,25,Saraz
SARCICOURT,52000,52251,48.14960,5.07230,0,52,Sarcicourt
SARCOS,32420,32365,43.36270,0.66790,0,32,Sarcos
SARTILLY,50530,50565,48.74480,-1.44410,0,50,Sartilly
SAUCOURT SUR ROGNON,52270,52177,48.30730,5.22110,0,52,Saucourt-sur-Rognon
SAULGE L HOPITAL,49320,49050,47.33920,-0.40870,0,49,Saulgé-l'Hôpital
SAUVAGE MAGNY,52220,52088,48.44070,4.74760,0,52,Sauvage-Magny
SAUX,46800,46033,44.41400,1.13540,0,46,Saux
SAUZE VAUSSAIS,79190,79307,46.16250,0.12570,0,79,Sauzé-Vaussais
SCHAFFHOUSE SUR ZORN,67270,67202,48.74850,7.56100,0,67,Schaffhouse-sur-Zorn
SCHWABWILLER,67660,67339,48.89370,7.93350,0,67,Schwabwiller
SEBOUVILLE,45300,45162,48.21820,2.17690,0,45,Sébouville
SECQUEVILLE EN BESSIN,14980,14543,49.21530,-0.49130,0,14,Secqueville-en-Bessin
SEGRE,49520,49331,47.71110,-0.85400,0,49,Segré
SEGRIE FONTAINE,61430,61007,48.79340,-0.46210,0,61,Ségrie-Fontaine
SEILLAC,41150,41055,47.53000,1.21260,0,41,Seillac
SELINCOURT,80640,80443,49.84060,1.90410,0,80,Selincourt
SEM,09220,09334,42.77460,1.47350,0,09,Sem
SEMERVILLE,41240,41173,47.93600,1.46050,0,41,Semerville
SEMONS,38260,38479,45.43200,5.21530,0,38,Semons
SENARD,55250,55517,48.97130,5.05270,0,55,Senard
SENCENAC PUY DE FOURCHES,24530,24064,45.37560,0.65960,0,24,Sencenac-Puy-de-Fourches
SENCONAC,09250,09088,42.80890,1.72140,0,09,Senconac
SENILLE,86100,86245,46.79430,0.63350,0,86,Senillé
SENNECE LES MACON,71000,71270,46.32650,4.80830,0,71,Sennecé-lès-Mâcon
SENTILLY,61150,61194,48.75090,-0.11940,0,61,Sentilly
SEPT FORGES,61330,61211,48.52690,-0.52050,0,61,Sept-Forges
SEPT FRERES,14380,14658,48.82970,-1.02800,0,14,Sept-Frères
SEPT VENTS,14350,14672,49.05720,-0.82950,0,14,Sept-Vents
SERAUCOURT,55250,55040,48.96580,5.21830,0,55,Seraucourt
SERIERS,15260,15142,44.93600,2.97670,0,15,Sériers
SERMENTOT,14250,14581,49.13380,-0.69930,0,14,Sermentot
SERVANCE,70440,70489,47.82260,6.71070,0,70,Servance
SERVIERES,48700,48127,44.65310,3.47620,0,48,Servières
SERVIGNY,50560,50215,49.10770,-1.53150,0,50,Servigny
SEVERAC LE CHATEAU,12150,12270,44.31380,3.02940,0,12,Sévérac-le-Château
SEVIS,76850,76034,49.71470,1.13390,0,76,Sévis
SEXEY LES BOIS,54840,54557,48.70020,6.04350,0,54,Sexey-les-Bois
SEYNOD,74960,74010,45.90240,6.12640,0,74,Seynod
SIGOLSHEIM,68240,68162,48.15470,7.27600,0,68,Sigolsheim
SILLY EN GOUFFERN,61310,61474,48.78510,0.11260,0,61,Silly-en-Gouffern
SINDERES,40110,40197,44.03180,-0.91470,0,40,Sindères
SINGRIST,67440,67004,48.66010,7.35650,0,67,Singrist
SINSAT,09310,09296,42.79850,1.66080,0,09,Sinsat
SOEURDRES,49330,49080,47.69700,-0.54990,0,49,Sœurdres
SOLLIERES SARDIERES,73500,73290,45.27640,6.89160,0,73,Sollières-Sardières
SOMMAISNE,55250,55423,48.92070,5.18130,0,55,Sommaisne
SOMMERMONT,52300,52118,48.47280,5.09810,0,52,Sommermont
SOMMEVILLE,52170,52123,48.52770,5.14850,0,52,Sommeville
SOMPT,79500,79064,46.18320,-0.08670,0,79,Sompt
SOPPE LE HAUT,68780,68219,47.73230,7.04930,0,68,Soppe-le-Haut
SORGES,24460,24540,45.29290,0.85050,0,24,Sorges
SOUCELLES,49140,49377,47.55720,-0.44480,0,49,Soucelles
SOUDAY,41170,41248,48.05730,0.89400,0,41,Souday
SOUGERES SUR SINOTTE,89470,89263,47.84830,3.59160,0,89,Sougères-sur-Sinotte
SOULAINCOURT,52230,52491,48.42400,5.31860,0,52,Soulaincourt
SOULIEVRES,79600,79005,46.83230,-0.15320,0,79,Soulièvres
SOULLES,50750,50546,49.03650,-1.13200,0,50,Soulles
SOUPLICOURT,80290,80436,49.73000,1.87680,0,80,Souplicourt
SOURDEVAL LES BOIS,50450,50197,48.89030,-1.32440,0,50,Sourdeval-les-Bois
SOUSCEYRAC,46190,46311,44.90010,2.03400,0,46,Sousceyrac
SOUTIERS,79310,79285,46.57380,-0.30490,0,79,Soutiers
SPADA,55300,55274,48.96250,5.60000,0,55,Spada
SUC ET SENTENAC,09220,09334,42.77460,1.47350,0,09,Suc-et-Sentenac
SURIS,16270,16192,45.88740,0.58300,0,16,Suris
SURJOUX,01420,01215,46.03020,5.76660,0,01,Surjoux
SURVIE,61310,61474,48.78510,0.11260,0,61,Survie
SUTRIEU,01260,01036,45.92360,5.66260,0,01,Sutrieu
SUZY,02320,02153,49.55750,3.48170,0,02,Suzy
TAILLEBOIS,61430,61007,48.79340,-0.46210,0,61,Taillebois
TAINGY,89560,89405,47.61460,3.43040,0,89,Taingy
TAISNIL,80290,80582,49.80580,2.12110,0,80,Taisnil
TAIZE MAULAIS,79600,79196,46.90830,-0.09850,0,79,Taizé-Maulais
TALLOIRES,74290,74275,45.81710,6.23190,0,74,Talloires
TANCOIGNE,49560,49373,47.15040,-0.46180,0,49,Tancoigné
TARDAIS,28250,28373,48.55840,1.01440,0,28,Tardais
TARGE,86100,86066,46.81470,0.55830,0,86,Targé
TART L ABBAYE,21110,21623,47.19310,5.21740,0,21,Tart-l'Abbaye
TART LE HAUT,21110,21623,47.19310,5.21740,0,21,Tart-le-Haut
TAUXIERES MUTRY,51150,51564,49.10500,4.11540,0,51,Tauxières-Mutry
TAVEY,70400,70285,47.56660,6.75940,0,70,Tavey
TEILLAY LE GAUDIN,45480,45240,48.21510,2.02150,0,45,Teillay-le-Gaudin
TEILLAY SAINT BENOIT,45170,45118,48.11250,2.06340,0,45,Teillay-Saint-Benoît
TERMIGNON,73500,73290,45.27640,6.89160,0,73,Termignon
TERRE CLAPIER,81120,81233,43.80810,2.26930,0,81,Terre-Clapier
TERRON SUR AISNE,08400,08490,49.41940,4.70730,0,08,Terron-sur-Aisne
TERVES,79300,79049,46.86540,-0.47330,0,79,Terves
TESSENS,73210,73006,45.56610,6.61190,0,73,Tessens
TESSONNIERE,79600,79005,46.83230,-0.15320,0,79,Tessonnière
TETEGHEM,59380,59588,51.00920,2.44530,0,59,Téteghem
THEIL SUR VANNE,89320,89411,48.17670,3.46410,0,89,Theil-sur-Vanne
THEL,69470,69066,46.09680,4.34450,0,69,Thel
THEVRAY,27410,27049,48.98690,0.67010,0,27,Thevray
THEZILLIEU,01110,01185,45.93050,5.57750,0,01,Thézillieu
THIAT,87330,87028,46.22930,0.89870,0,87,Thiat
THIEVILLE,14170,14654,48.98730,0.02520,0,14,Thiéville
THOIRAS,30140,30329,44.06460,3.92480,0,30,Thoiras
THORENS GLIERES,74570,74282,46.00570,6.22750,0,74,Thorens-Glières
THORIGNE,79370,79185,46.28440,-0.27230,0,79,Thorigné
THORIGNY SUR LE MIGNON,79360,79334,46.16240,-0.58260,0,79,Thorigny-sur-le-Mignon
THOUARCE,49750,49345,47.27190,-0.53950,0,49,Thouarcé
THOUARSAIS BOUILDROUX,85410,85292,46.60130,-0.84210,0,85,Thouarsais-Bouildroux
THURY HARCOURT,14220,14689,48.98710,-0.52220,0,14,Thury-Harcourt
THYL,73140,73261,45.24010,6.49510,0,73,Thyl
TIGNE,49560,49373,47.15040,-0.46180,0,49,Tigné
TILLIERES,49710,49301,47.08780,-1.09680,0,49,Tillières
TILLOU,79110,79083,46.11820,-0.09660,0,79,Tillou
TILLOY LES CONTY,80160,80485,49.76720,2.18970,0,80,Tilloy-lès-Conty
TILLY LA CAMPAGNE,14540,14538,49.10920,-0.30530,0,14,Tilly-la-Campagne
TINCHEBRAY,61800,61486,48.72830,-0.73370,0,61,Tinchebray
TOCQUEVILLE SUR EU,76910,76618,49.96120,1.23430,0,76,Tocqueville-sur-Eu
TONNEVILLE,50690,50041,49.65460,-1.82140,0,50,Tonneville
TORDOUET,14290,14570,49.06140,0.33360,0,14,Tordouet
TORIGNI SUR VIRE,50160,50601,48.99610,-0.97400,0,50,Torigni-sur-Vire
TORTEVAL QUESNAY,14250,14581,49.13380,-0.69930,0,14,Torteval-Quesnay
TORTISAMBERT,14290,14371,49.00140,0.22310,0,14,Tortisambert
TOSTES,27400,27412,49.24290,1.11830,0,27,Tostes
TOUFFREVILLE LA CABLE,76330,76476,49.50620,0.58340,0,76,Touffreville-la-Cable
TOULON LA MONTAGNE,51130,51611,48.84250,3.90460,0,51,Toulon-la-Montagne
TOURAILLES SOUS BOIS,55130,55215,48.49240,5.49810,0,55,Tourailles-sous-Bois
TOURLAVILLE,50470,50129,49.62770,-1.63560,0,50,Tourlaville
TOURNAY SUR ODON,14310,14475,49.11110,-0.57000,0,14,Tournay-sur-Odon
TOURNEBU,14220,14150,48.96450,-0.37610,0,14,Tournebu
TOURNEDOS SUR SEINE,27430,27471,49.26630,1.25370,0,27,Tournedos-sur-Seine
TOURNEDOZ,25340,25018,47.37690,6.57810,0,25,Tournedoz
TOURNIAC,15700,15153,45.14680,2.25630,0,15,Tourniac
TOURNY,27630,27213,49.17510,1.57080,0,27,Tourny
TOUROUVRE,61190,61491,48.60650,0.63210,0,61,Tourouvre
TOURVILLE LA CHAPELLE,76910,76618,49.96120,1.23430,0,76,Tourville-la-Chapelle
TRADES,69860,69135,46.23790,4.56310,0,69,Trades
TREGON,22650,22209,48.56270,-2.13830,0,22,Trégon
TREHET,41800,41070,47.74640,0.66590,0,41,Tréhet
TREIGNY,89520,89420,47.55910,3.18880,0,89,Treigny
TRELLY,50660,50419,48.96800,-1.43220,0,50,Trelly
TREMBLAY,35560,35004,48.44100,-1.46500,0,35,Tremblay
TRESCHENU CREYERS,26410,26086,44.72990,5.53660,0,26,Treschenu-Creyers
TRESSE,35720,35308,48.46390,-1.87600,0,35,Tressé
TREVILLY,89420,89197,47.52430,4.07010,0,89,Trévilly
TRIPLEVILLE,41240,41173,47.93600,1.46050,0,41,Tripleville
TRIQUERVILLE,76330,76476,49.50620,0.58340,0,76,Triquerville
TROISCHAMPS,52600,52242,47.84930,5.52890,0,52,Troischamps
TRUTTEMER LE GRAND,14500,14762,48.81990,-0.87000,0,14,Truttemer-le-Grand
TRUTTEMER LE PETIT,14500,14762,48.81990,-0.87000,0,14,Truttemer-le-Petit
TUZIE,16700,16110,45.98620,0.14320,0,16,Tuzie
UCHENTEIN,09800,09062,42.84720,1.03840,0,09,Uchentein
ULCOT,79300,79013,46.97210,-0.41640,0,79,Ulcot
URDES,64170,64300,43.42500,-0.60030,0,64,Urdès
UROU ET CRENNES,61310,61474,48.78510,0.11260,0,61,Urou-et-Crennes
URVILLE NACQUEVILLE,50690,50041,49.65460,-1.82140,0,50,Urville-Nacqueville
VABRE TIZAC,12240,12021,44.30560,2.13690,0,12,Vabre-Tizac
VACHERESSES LES BASSES,28210,28279,48.63150,1.52060,0,28,Vacheresses-les-Basses
VAILLAC,46240,46138,44.64410,1.60400,0,46,Vaillac
VALANJOU,49750,49092,47.22110,-0.69640,0,49,Valanjou
VALDELANCOURT,52330,52031,48.12690,4.97600,0,52,Valdelancourt
VALEUIL,24530,24064,45.37560,0.65960,0,24,Valeuil
VALEZAN,73210,73150,45.56840,6.70300,0,73,Valezan
VALFIN SUR VALOUSE,39240,39583,46.34650,5.52250,0,39,Valfin-sur-Valouse
VALROUFIE,46090,46156,44.50820,1.50410,0,46,Valroufié
VARADES,44370,44213,47.43520,-1.03190,0,44,Varades
VARENNES SUR FOUZON,36210,36229,47.20630,1.62490,0,36,Varennes-sur-Fouzon
VASOUY,14600,14333,49.40860,0.22970,0,14,Vasouy
VASSY,14410,14726,48.86190,-0.71730,0,14,Vassy
VASTEVILLE,50690,50041,49.65460,-1.82140,0,50,Vasteville
VAUBADON,14490,14035,49.19310,-0.83250,0,14,Vaubadon
VAUCHRETIEN,49320,49050,47.33920,-0.40870,0,49,Vauchrétien
VAUDELOGES,14170,14654,48.98730,0.02520,0,14,Vaudeloges
VAUDRIMESNIL,50490,50550,49.13420,-1.41170,0,50,Vaudrimesnil
VAUDRY,14500,14762,48.81990,-0.87000,0,14,Vaudry
VAULANDRY,49150,49018,47.55980,-0.11430,0,49,Vaulandry
VAUX DEVANT DAMLOUP,55400,55537,49.21410,5.45180,0,55,Vaux-devant-Damloup
VAUX LA DOUCE,52400,52544,47.87910,5.77270,0,52,Vaux-la-Douce
VAUX LA GRANDE,55500,55472,48.69220,5.46270,0,55,Vaux-la-Grande
VAUX LA PETITE,55500,55472,48.69220,5.46270,0,55,Vaux-la-Petite
VAUX SOUS AUBIGNY,52190,52405,47.66420,5.28760,0,52,Vaux-sous-Aubigny
VAUX SUR POLIGNY,39800,39434,46.82040,5.72450,0,39,Vaux-sur-Poligny
VAUXCERE,02160,02439,49.35550,3.67760,0,02,Vauxcéré
VAZEILLES PRES SAUGUES,43580,43090,44.90380,3.55860,0,43,Vazeilles-près-Saugues
VEAUVILLE LES BAONS,76190,76041,49.65600,0.75420,0,76,Veauville-lès-Baons
VEEL,55000,55186,48.78490,5.11020,0,55,Véel
VELAINE EN HAYE,54840,54557,48.70020,6.04350,0,54,Velaine-en-Haye
VELLECHEVREUX ET COURBENANS,70110,70180,47.52660,6.53840,0,70,Vellechevreux-et-Courbenans
VELLUIRE,85770,85177,46.41520,-0.90400,0,85,Velluire
VENARSAL,19360,19123,45.17970,1.59360,0,19,Venarsal
VENDEL,35140,35282,48.28780,-1.34210,0,35,Vendel
VENDEUVRE DU POITOU,86380,86281,46.72970,0.26340,0,86,Vendeuvre-du-Poitou
VENEUX LES SABLONS,77250,77316,48.35450,2.82330,0,77,Veneux-les-Sablons
VENGEONS,50150,50582,48.73330,-0.89650,0,50,Vengeons
VENOSC,38860,38253,44.98850,6.13490,0,38,Vénosc
VERARGUES,34400,34246,43.71930,4.08100,0,34,Vérargues
VERCIA,39190,39576,46.60470,5.46190,0,39,Vercia
VERDES,41240,41173,47.93600,1.46050,0,41,Verdes
VERGER SUR DIVE,86330,86108,46.80430,0.03400,0,86,Verger-sur-Dive
VERGONCEY,50240,50487,48.52090,-1.36380,0,50,Vergoncey
VERGONNES,49520,49248,47.72320,-1.10860,0,49,Vergonnes
VERN D ANJOU,49370,49367,47.58900,-0.81780,0,49,Vern-d'Anjou
VERNET LA VARENNE,63580,63448,45.49620,3.45740,0,63,Vernet-la-Varenne
VERNEUIL SUR AVRE,27160,27679,48.76490,0.88930,0,27,Verneuil-sur-Avre
VERNOIS LE FOL,25190,25275,47.34440,6.98400,0,25,Vernois-le-Fol
VERRINES SOUS CELLES,79370,79061,46.24010,-0.22920,0,79,Verrines-sous-Celles
VERTUS,51190,51612,48.92270,3.97140,0,51,Vertus
VERTUZEY,55200,55184,48.74470,5.65250,0,55,Vertuzey
VEUVES,41150,41167,47.50790,1.15000,0,41,Veuves
VEYRINS THUELLIN,38630,38022,45.64130,5.55670,0,38,Veyrins-Thuellin
VEZET,70130,70418,47.53810,5.89110,0,70,Vezet
VIABON,28150,28406,48.21080,1.67160,0,28,Viabon
VICDESSOS,09220,09334,42.77460,1.47350,0,09,Vicdessos
VICTOT PONTFOL,14430,14743,49.17770,-0.00810,0,14,Victot-Pontfol
VIDOUVILLE,50810,50492,49.09340,-0.95510,0,50,Vidouville
VIELLENAVE SUR BIDOUZE,64270,64113,43.42570,-1.06300,0,64,Viellenave-sur-Bidouze
VIESSOIX,14410,14726,48.86190,-0.71730,0,14,Viessoix
VIEU,01260,01036,45.92360,5.66260,0,01,Vieu
VIEUX FUME,14370,14431,49.08600,-0.01690,0,14,Vieux-Fumé
VIEUX MAISONS,77320,77421,48.73900,3.32240,0,77,Vieux-Maisons
VIEUX MAREUIL,24340,24253,45.44760,0.51070,0,24,Vieux-Mareuil
VIEUX MOULINS,52200,52383,47.85690,5.27350,0,52,Vieux-Moulins
VIEUX PONT EN AUGE,14170,14654,48.98730,0.02520,0,14,Vieux-Pont-en-Auge
VIEUX VILLEZ,27940,27022,49.17120,1.32040,0,27,Vieux-Villez
VIEVILLE SOUS LES COTES,55210,55551,48.98630,5.73460,0,55,Viéville-sous-les-Côtes
VIHIERS,49560,49373,47.15040,-0.46180,0,49,Vihiers
VILBERT,77540,77031,48.67720,2.93530,0,77,Vilbert
VILLARD SUR BIENNE,39200,39130,46.50500,5.86890,0,39,Villard-sur-Bienne
VILLARLURIN,73600,73257,45.36280,6.50600,0,73,Villarlurin
VILLARS SAINT MARCELLIN,52400,52060,47.94260,5.73840,0,52,Villars-Saint-Marcellin
VILLE DU PONT,25650,25390,46.99850,6.46520,0,25,Ville-du-Pont
VILLE ISSEY,55200,55184,48.74470,5.65250,0,55,Ville-Issey
VILLEAU,28150,28406,48.21080,1.67160,0,28,Villeau
VILLEBADIN,61310,61474,48.78510,0.11260,0,61,Villebadin
VILLECHIEN,50140,50359,48.60770,-0.92590,0,50,Villechien
VILLEDIEU LA BLOUERE,49600,49023,47.20280,-0.98440,0,49,Villedieu-la-Blouère
VILLEDIEU LES POELES,50800,50639,48.82470,-1.23990,0,50,Villedieu-les-Poêles
VILLEFRANCHE,89120,89086,47.87860,3.10730,0,89,Villefranche
VILLEFRANCON,70700,70152,47.40010,5.75490,0,70,Villefrancon
VILLEGAGNON,77970,77020,48.67620,3.19520,0,77,Villegagnon
VILLEJESUS,16140,16005,45.89960,0.02520,0,16,Villejésus
VILLEMAUR SUR VANNE,10190,10003,48.22660,3.72180,0,10,Villemaur-sur-Vanne
VILLEMERVRY,52160,52094,47.69050,5.08680,0,52,Villemervry
VILLEMOISAN,49440,49183,47.50490,-0.93740,0,49,Villemoisan
VILLEMORON,52160,52094,47.69050,5.08680,0,52,Villemoron
VILLENEUVE DE MEZIN,47170,47134,44.02560,0.27740,0,47,Villeneuve-de-Mézin
VILLENEUVE SAINT NICOLAS,28150,28422,48.27140,1.59950,0,28,Villeneuve-Saint-Nicolas
VILLENTROIS,36600,36244,47.17690,1.42230,0,36,Villentrois
VILLEQUIER,76490,76164,49.52660,0.71840,0,76,Villequier
VILLERS CERNAY,08140,08053,49.71430,5.02690,0,08,Villers-Cernay
VILLERS EN OUCHE,61550,61167,48.84360,0.49510,0,61,Villers-en-Ouche
VILLERS EN PRAYERES,02160,02439,49.35550,3.67760,0,02,Villers-en-Prayères
VILLERS LES ORMES,36250,36202,46.81090,1.62030,0,36,Villers-les-Ormes
VILLERS SOUS CHATILLON,51700,51457,49.09450,3.80890,0,51,Villers-sous-Châtillon
VILLEVEQUE,49140,49377,47.55720,-0.44480,0,49,Villevêque
VILLIERS AUX BOIS,52130,52497,48.54730,5.01080,0,52,Villiers-aux-Bois
VILLIERS AUX CHENES,52110,52178,48.37260,4.91590,0,52,Villiers-aux-Chênes
VILLIERS LE PRE,50240,50487,48.52090,-1.36380,0,50,Villiers-le-Pré
VILLIERS SUR THOLON,89710,89003,47.90040,3.32110,0,89,Villiers-sur-Tholon
VILLOTRAN,60390,60694,49.33860,2.03650,0,60,Villotran
VIMARCE,53160,53249,48.21690,-0.21440,0,53,Vimarcé
VIONVILLE,57130,57578,49.08770,5.96840,0,57,Vionville
VIREMONT,39240,39086,46.40970,5.64470,0,39,Viremont
VIREY,50730,50484,48.56800,-1.13870,0,50,Virey
VIRIEU LE PETIT,01260,01453,45.91530,5.73460,0,01,Virieu-le-Petit
VITRAY,03360,03168,46.60650,2.64850,0,03,Vitray
VITRAY SOUS BREZOLLES,28270,28120,48.67490,1.10360,0,28,Vitray-sous-Brézolles
VITRY LES CLUNY,71250,71582,46.46800,4.58510,0,71,Vitry-lès-Cluny
VOIPREUX,51190,51612,48.92270,3.97140,0,51,Voipreux
VOLGRE,89710,89003,47.90040,3.32110,0,89,Volgré
VOUEL,02700,02738,49.65620,3.29490,0,02,Vouël
VOUILLY,14330,14342,49.28520,-1.05700,0,14,Vouilly
VOUVRAY SUR LOIR,72500,72071,47.69550,0.42130,0,72,Vouvray-sur-Loir
VOVES,28150,28422,48.27140,1.59950,0,28,Voves
VRITZ,44540,44180,47.53490,-1.14140,0,44,Vritz
VRIZY,08400,08490,49.41940,4.70730,0,08,Vrizy
WADIMONT,08220,08113,49.64580,4.23550,0,08,Wadimont
WANEL,80490,80406,49.99660,1.88210,0,80,Wanel
WILSHAUSEN,67270,67530,48.78080,7.53610,0,67,Wilshausen
WINGERSHEIM,67270,67539,48.72280,7.61750,0,67,Wingersheim
WOELLENHEIM,67370,67532,48.67470,7.51420,0,67,Wœllenheim
WOINVILLE,55300,55093,48.90550,5.68150,0,55,Woinville
YAUCOURT BUSSUS,80135,80155,50.10800,1.99480,0,80,Yaucourt-Bussus
YEVRE LE CHATEL,45300,45348,48.14040,2.32600,0,45,Yèvre-le-Châtel
YVRANDES,61800,61486,48.72830,-0.73370,0,61,Yvrandes
ZOEBERSDORF,67270,67153,48.79180,7.51440,0,67,Zœbersdorf
ZOLLINGEN,67260,67435,48.90890,7.07680,0,67,Zollingen
ZUTZENDORF,67330,67347,48.84830,7.54220,0,67,Zutzendorf
